,y_actual,y_predict
0,1.4173330068588257,1.4084121754433596
1,1.363332986831665,1.4161880541969976
2,1.305999994277954,1.398110095420432
3,1.3066669702529907,1.3586607223905014
4,1.2686669826507568,1.3314727918358034
5,1.1933330297470093,1.314011598070957
6,1.1733330488204956,1.2538216504933968
7,1.2213330268859863,1.20389577668033
8,1.2519999742507937,1.1911124014558283
9,1.2766669988632202,1.199768980118418
10,1.2513329982757568,1.224397952501955
11,1.25266695022583,1.245056600410475
12,1.273332953453064,1.250539862800399
13,1.3420000076293943,1.2466628118269312
14,1.2799999713897705,1.29472289468765
15,1.3266669511795044,1.2873479613298338
16,1.3166669607162476,1.285967518091495
17,1.3133330345153809,1.2931079037796496
18,1.324666976928711,1.297698294171823
19,1.2986669540405271,1.315694601384732
20,1.363332986831665,1.2966972716751022
21,1.4040000438690186,1.3177666530809828
22,1.4033329486846924,1.3483652441784477
23,1.369333028793335,1.3702337197755323
24,1.3933329582214355,1.367126834224786
25,1.380666971206665,1.3729371613284247
26,1.3446669578552246,1.37732090128647
27,1.3813329935073853,1.3640423444005114
28,1.4079999923706057,1.3670107294606308
29,1.4653329849243164,1.3863625855833748
30,1.3960000276565552,1.4128799509523216
31,1.348667025566101,1.477711109112012
32,1.4040000438690186,1.418559663061655
33,1.3846670389175415,1.3901821916330572
34,1.324666976928711,1.375964045768233
35,1.3040000200271606,1.35919540030243
36,1.340000033378601,1.3276611171283514
37,1.3686670064926147,1.3176555225979376
38,1.4266669750213623,1.324308657966866
39,1.4653329849243164,1.3814900823911112
40,1.3606669902801514,1.4440646590714414
41,1.373332977294922,1.4441501158455323
42,1.3993330001831057,1.3806175201309798
43,1.4079999923706057,1.363694626104861
44,1.3639999628067017,1.3624461961610472
45,1.3619999885559082,1.3576640094092123
46,1.3619999885559082,1.349997335610448
47,1.3493330478668213,1.3519378553942167
48,1.3493330478668213,1.345172007858388
49,1.369333028793335,1.3418722256461677
50,1.3833329677581787,1.3506806459588587
51,1.369333028793335,1.3617047761231729
52,1.348667025566101,1.3639930829714553
53,1.3366669416427612,1.3539977579246232
54,1.376667022705078,1.344860461984818
55,1.3833329677581787,1.3500450612015578
56,1.3813329935073853,1.361945856834845
57,1.3899999856948853,1.3614453341250075
58,1.4240000247955322,1.3669553246797892
59,1.399999976158142,1.3977127030825458
60,1.4126670360565186,1.395699975992343
61,1.4559999704360962,1.3963088555077405
62,1.4273329973220823,1.411991136317504
63,1.4166669845581057,1.4276041898049083
64,1.4513330459594729,1.4257383071607426
65,1.659999966621399,1.4336775348876025
66,1.6293330192565916,1.5503712814336945
67,1.6653330326080322,1.5873626031378365
68,1.641999959945679,1.6068947024512126
69,1.957332968711853,1.6344404832474162
70,1.8693330287933352,1.7949324311218968
71,1.9893330335617065,1.8393933350626697
72,2.053333044052124,1.927653769863188
73,1.9780000448226929,2.0090395189402748
74,1.9659999608993528,1.9883931806582802
75,1.9926669597625728,1.9601690637947757
76,2.065999984741211,1.9683509080712542
77,2.2266669273376465,2.004864790480663
78,2.3046669960021973,2.097174335950552
79,2.3646669387817383,2.188024514450022
80,2.354666948318481,2.272879240065929
81,2.2886669635772705,2.2942263789105595
82,2.355333089828491,2.3117860038417004
83,2.289999961853028,2.3497023126027403
84,2.1566669940948486,2.3165327058600877
85,2.0993330478668213,2.2651725427887413
86,2.02066707611084,2.168183046943746
87,2.1040000915527344,2.0845205900333155
88,2.157999992370605,2.0641485936698616
89,2.136667013168335,2.070449013539075
90,2.101332902908325,2.0814876997794483
91,2.0366671085357666,2.087297385040363
92,1.9019999504089358,2.0675444918299797
93,1.97333300113678,2.0331080709340656
94,2.053999900817871,1.9749661059506116
95,2.0906670093536377,1.980566733867184
96,2.113332986831665,2.0164108992401553
97,2.1506669521331787,2.048900977921877
98,2.175333023071289,2.0956693064549214
99,2.00600004196167,2.1296984322966384
100,1.703333020210266,2.1094573718488516
101,1.7606669664382937,2.1698782452692744
102,1.848667025566101,1.9267888409468796
103,1.7666670083999634,1.8180884661459962
104,1.7753330469131472,1.7372680888168113
105,1.7746670246124268,1.7096165873548064
106,1.777999997138977,1.7106386302007335
107,1.7886669635772705,1.722502313570809
108,1.8586670160293581,1.7466183619261655
109,1.8826669454574585,1.8023786319450157
110,1.8966670036315922,1.8518082237948132
111,1.797333002090454,1.8554957936270162
112,1.797333002090454,1.8469387464325335
113,1.748000025749206,1.8067607672962513
114,1.7166670560836792,1.7645573159071068
115,1.7093329429626465,1.7457065784910155
116,1.6019999980926514,1.7303802911634494
117,1.5080000162124634,1.7000027002695817
118,1.5360000133514404,1.6286010898375685
119,1.6326669454574587,1.5532223468130744
120,1.6453330516815183,1.567349901162017
121,1.6499999761581423,1.5842415053553476
122,1.6613329648971558,1.6002672178682842
123,1.6006669998168943,1.616025511194916
124,1.6066670417785647,1.614938367158426
125,1.593999981880188,1.6005916693651947
126,1.5959999561309814,1.5882405064463485
127,1.5753329992294312,1.5811551587717647
128,1.5640000104904177,1.5680952181021433
129,1.537999987602234,1.5582647549435251
130,1.6326669454574587,1.5524224273955112
131,1.547333002090454,1.6506365591576284
132,1.5479999780654905,1.624300101744992
133,1.5499999523162842,1.5445388566019915
134,1.5386669635772703,1.5149433510671453
135,1.5226670503616333,1.5337873032887273
136,1.6486669778823855,1.5234992521139068
137,1.573333024978638,1.648029027246044
138,1.5453330278396606,1.628776863052088
139,1.4579999446868896,1.5922391407700787
140,1.4553329944610596,1.5277894205719953
141,1.5019999742507937,1.4716481710506262
142,1.5740000009536743,1.4445570899783675
143,1.5926669836044312,1.484631594898382
144,1.5959999561309814,1.5221598180410316
145,1.6013330221176145,1.5574465888542408
146,1.6239999532699585,1.5666451120053113
147,1.6633330583572388,1.5865658929338926
148,1.6626670360565183,1.6369006664079662
149,1.6440000534057615,1.6740090785633035
150,1.6480000019073486,1.6535294360058768
151,1.6006669998168943,1.6303020647476114
152,1.6046669483184817,1.6105417444999948
153,1.5499999523162842,1.594843096700773
154,1.5299999713897705,1.5781687562694684
155,1.5213329792022705,1.5481117199702592
156,1.5206669569015503,1.5247363581182354
157,1.5306669473648071,1.5103630696978727
158,1.51533305644989,1.5037439290703545
159,1.4793330430984497,1.4939517930915325
160,1.480666995048523,1.4865367216405208
161,1.4886670112609863,1.471956622325349
162,1.5166670083999634,1.468320308219237
163,1.5499999523162842,1.4831235854186762
164,1.5946669578552246,1.5192969244171692
165,1.5806670188903809,1.5437445762312165
166,1.850000023841858,1.5733392106937945
167,1.7773330211639404,1.9900764590475082
168,1.7220000028610227,1.83238496266904
169,1.7799999713897707,1.7493264797617603
170,1.7660000324249265,1.7528929247027893
171,1.8159999847412112,1.7048088644317436
172,1.7660000324249265,1.7693368435962287
173,1.684666991233826,1.7662782796334071
174,1.6433329582214358,1.7203542493576898
175,1.6619999408721922,1.6759045776645844
176,1.6759999990463257,1.6557564468740307
177,1.7053329944610596,1.6420736895327221
178,1.6686669588088987,1.6591483105941702
179,1.677332997322082,1.6614435860205974
180,1.7166670560836792,1.6493939516442382
181,1.7826670408248897,1.6744301732360636
182,1.75933301448822,1.7281607990243464
183,1.7953330278396604,1.734648820352562
184,1.8053330183029173,1.7715167248700878
185,1.8439999818801878,1.7803548991776206
186,1.840000033378601,1.8151747752551313
187,1.8300000429153442,1.80848099748801
188,1.7913329601287842,1.8101351178792113
189,1.779332995414734,1.8018530544459932
190,1.7626669406890871,1.7868200892432304
191,1.807999968528748,1.7803603089948645
192,1.8606669902801518,1.7835039629645062
193,1.8886669874191284,1.8021382159990218
194,1.8046669960021973,1.8538228764131877
195,1.8446669578552246,1.8351003241582327
196,1.8366669416427606,1.8175629803387914
197,1.7733329534530642,1.8172581967367762
198,1.730666995048523,1.8050055108301335
199,1.7566670179367063,1.78977971773476
200,1.8799999952316282,1.7557627869047965
201,1.864667057991028,1.8380318032617302
202,1.7879999876022339,1.820635939916991
203,1.7813329696655271,1.7997290134891097
204,1.932000041007996,1.7802515624990793
205,1.9653329849243164,1.9273856629882504
206,1.9700000286102293,1.9492184016993888
207,2.0093328952789307,1.9198795874081773
208,1.901332974433899,1.9852864784911692
209,1.9173330068588257,1.9293508937168877
210,2.0086669921875,1.8948932003192687
211,1.913333058357239,2.0752394525545026
212,1.891332983970642,1.9768351519624878
213,1.807999968528748,1.8944435436452969
214,1.841333031654358,1.8517686129295694
215,1.8573329448699951,1.8326158426659938
216,1.895333051681518,1.830024906973412
217,1.9066669940948489,1.8534506076333497
218,1.821333050727844,1.8776061751621322
219,1.7666670083999634,1.8556435091453214
220,1.7666670083999634,1.8307719202121657
221,1.7339999675750732,1.8036097779811942
222,1.835332989692688,1.7634119017204724
223,1.8140000104904175,1.769701501955198
224,1.8473329544067383,1.7869424061280343
225,1.8380000591278083,1.7942314471756255
226,1.8306670188903809,1.8768658554260702
227,1.8739999532699585,1.8425296536868958
228,1.8860000371932983,1.8186849214200962
229,1.9420000314712524,1.849905343502208
230,1.9346669912338257,1.8733290269421563
231,1.942667007446289,1.8946114313634947
232,1.9306670427322385,1.9160531961639855
233,1.98199999332428,1.9189821078965876
234,1.920667052268982,1.9482111670820192
235,1.8899999856948853,1.943272003938292
236,1.878000020980835,1.9109656756592293
237,1.9093329906463623,1.890563512687754
238,1.8406670093536377,1.888124326953456
239,1.838667035102844,1.8704417432947873
240,1.8153330087661743,1.8411619785341709
241,1.8593330383300781,1.8178783084998413
242,1.912667036056518,1.8281102901281419
243,1.913333058357239,1.9181974093207617
244,1.9526669979095461,1.8908704968933938
245,1.8993330001831052,1.8876902578884922
246,1.8666670322418215,1.8874701058342087
247,1.842666983604431,1.879008051362857
248,1.878000020980835,1.8685393214612704
249,1.878000020980835,1.8645553119824625
250,1.9179999828338623,1.8602437793308513
251,1.8226670026779173,1.8821526222506757
252,1.8133330345153809,1.8789876040875113
253,1.6499999761581423,1.8610802837836744
254,1.616000056266785,1.8187858741113774
255,1.5759999752044676,1.707842900833332
256,1.6706670522689817,1.6464384492845048
257,1.5880000591278076,1.6013021434145973
258,1.6866669654846191,1.5910220235820074
259,1.753999948501587,1.598600168930788
260,1.748667001724243,1.6560601301742335
261,1.7400000095367432,1.6951651316598595
262,1.7220000028610227,1.7116293144450092
263,1.6173330545425417,1.719786218547075
264,1.4866670370101929,1.687121742028099
265,1.463333010673523,1.6165780919342494
266,1.5306669473648071,1.5425022896391882
267,1.591333031654358,1.5083858731870263
268,1.5406670570373533,1.5155693769524516
269,1.5820000171661377,1.5222275782943075
270,1.647333025932312,1.5349860362673509
271,1.641999959945679,1.5767544099815372
272,1.6493330001831057,1.5923404602286306
273,1.6000000238418581,1.6264720058307118
274,1.537999987602234,1.6268592662227428
275,1.529332995414734,1.5906661676375367
276,1.5893330574035645,1.5538736796400643
277,1.5740000009536743,1.5437939522750448
278,1.5313329696655271,1.5468147392089764
279,1.525333046913147,1.5406309971777785
280,1.6053329706192017,1.5255699284328923
281,1.6226669549942017,1.5451044117335286
282,1.6546670198440552,1.5777481659017056
283,1.7200000286102295,1.6037972611576887
284,1.718000054359436,1.6667072006612351
285,1.7339999675750732,1.6797412842382669
286,1.7233330011367796,1.7047270294844517
287,1.7086670398712158,1.7154779868009007
288,1.7586669921875,1.705003892927979
289,1.7013330459594729,1.7248167067412254
290,1.7460000514984133,1.7124417956415965
291,1.6393330097198486,1.7151987852160222
292,1.6080000400543215,1.6908726709063286
293,1.6260000467300415,1.6661410036869742
294,1.5820000171661377,1.656665112787379
295,1.5773329734802244,1.621399064324969
296,1.6913330554962158,1.598089766427594
297,1.797333002090454,1.6181513401422445
298,1.7993329763412476,1.6959120990527043
299,1.8586670160293581,1.7397850292125139
300,1.8406670093536377,1.7815867787483406
301,1.853332996368408,1.7969511181802498
302,1.8626669645309448,1.8282356328429297
303,1.870000004768372,1.8432124826532637
304,1.8279999494552608,1.8621815025141804
305,1.8893330097198489,1.8360981145183797
306,1.8380000591278083,1.8423873479858346
307,1.8226670026779173,1.8313672751844534
308,1.8686670064926147,1.8248027828802809
309,1.9033329486846926,1.8352132884776318
310,1.8833329677581787,1.8512054417852923
311,1.8653329610824585,1.853498195686733
312,1.9173330068588257,1.8469956870513216
313,1.9913330078125002,1.8749559148635024
314,1.9579999446868894,1.921413408134564
315,1.9253330230712888,1.9365718077439322
316,1.9140000343322758,1.9104713650700405
317,2.1640000343322754,1.905493874746517
318,2.1540000438690186,2.0325730491778207
319,2.084666967391968,2.114601741280578
320,2.122667074203491,2.0785643812477255
321,2.058666944503784,2.074540669211856
322,2.0886669158935547,2.0510884696166047
323,2.242666959762573,2.0450475375914654
324,2.2146670818328857,2.1849914408125195
325,2.26200008392334,2.168958209570532
326,2.329333066940308,2.1772368804064954
327,2.245332956314087,2.2455317886713977
328,2.173332929611206,2.2461411724917926
329,2.117332935333252,2.209424284398009
330,2.138000011444092,2.161710521532721
331,2.096667051315308,2.1247331369848683
332,2.110666990280152,2.090153860236987
333,2.1706669330596924,2.0749001928290345
334,2.1166670322418213,2.1112192301258434
335,2.182667016983032,2.1182418147512156
336,2.173332929611206,2.1461553714281902
337,2.220000028610229,2.1668635099953106
338,2.2946670055389404,2.1819602927031885
339,2.324666976928711,2.2314455414863263
340,2.2793331146240234,2.2653444649469177
341,2.059333086013794,2.2652486469974273
342,2.069333076477051,2.2349960320510767
343,2.0273330211639404,2.1118513535170265
344,1.9633330106735232,2.0245972364157008
345,1.9019999504089358,1.9783632877961774
346,1.9079999923706055,1.939014386075485
347,1.8666670322418215,1.9008435408285262
348,1.850000023841858,1.8842475052095324
349,1.860000014305115,1.8630429471414163
350,1.8380000591278083,1.850985839881915
351,1.8513330221176147,1.8538307619095094
352,1.860000014305115,1.8337389757409286
353,1.9046670198440552,1.820867278373033
354,1.900666952133179,1.8419188027974178
355,1.915333032608032,1.8592486480334174
356,1.9040000438690183,1.8797566233625116
357,1.8719999790191648,1.8833882611859212
358,1.8473329544067383,1.8944342827717098
359,1.807999968528748,1.874237326088234
360,1.7940000295639036,1.853221836548203
361,1.816666960716248,1.8244342734649683
362,1.841333031654358,1.8041183924939432
363,1.8819999694824217,1.8020028788761053
364,1.8833329677581787,1.8207334083191997
365,1.519333004951477,1.844714027859822
366,1.7733329534530642,1.877628456273832
367,1.7873330116271973,1.8780528060061201
368,1.784000039100647,1.7613300389997282
369,1.7733329534530642,1.7362247734691791
370,1.7846670150756834,1.721994570130328
371,1.8279999494552608,1.7325329399674534
372,1.864667057991028,1.7654089495098495
373,1.929332971572876,1.7927342114844989
374,1.95533299446106,1.8610695558410042
375,1.9713330268859863,1.8933040894268125
376,1.9379999637603762,1.9198465783538075
377,1.972000002861023,1.9387208805670462
378,2.016666889190674,1.9400611398662806
379,2.076667070388794,1.9708330972680508
380,2.119999885559082,2.0101597178770434
381,2.1066670417785645,2.049840635669606
382,2.128667116165161,2.0815508754418395
383,2.171999931335449,2.0903427453814367
384,2.0733330249786377,2.1304786379733973
385,2.0993330478668213,2.1278065550221563
386,2.211333036422729,2.101537216020072
387,2.240000009536743,2.1449185404993147
388,2.2786669731140137,2.2130286897515634
389,2.3313329219818115,2.2363499534311475
390,2.299999952316284,2.2463716857214755
391,2.281332969665528,2.2530514346404895
392,2.302000045776367,2.2640076899367556
393,2.25,2.252222540608535
394,2.2413330078125,2.2431715495921343
395,2.253999948501587,2.2216180124658744
396,2.227333068847656,2.2193528578015598
397,2.2939999103546143,2.213464867728334
398,2.2693328857421875,2.234843640250069
399,2.251332998275757,2.2414834115365685
400,2.2073330879211426,2.2393733994277922
401,2.2079999446868896,2.2185580731257875
402,2.204667091369629,2.1965685414063922
403,2.315999984741211,2.194930925542376
404,2.4006669521331787,2.2538505288316935
405,2.4059998989105225,2.3278085071410177
406,2.352667093276977,2.349968310565871
407,2.3333330154418945,2.346346942226043
408,2.354666948318481,2.328368560763493
409,2.3320000171661377,2.3300320337200993
410,2.330667018890381,2.3303353502530313
411,2.343333005905152,2.3117461179010035
412,2.293333053588867,2.309257601968786
413,2.2720000743865967,2.2935058646071194
414,2.493333101272583,2.287657302015502
415,2.5293331146240234,2.4111538020540446
416,2.523333072662353,2.4809838147307812
417,2.4886670112609863,2.473962147023586
418,2.4826669692993164,2.468627241994691
419,2.438667058944702,2.4679629347754974
420,2.5339999198913574,2.459380947406602
421,2.3333330154418945,2.4785449040719363
422,2.298666954040528,2.5017621892302553
423,2.2100000381469727,2.3660608664139064
424,2.1640000343322754,2.2730651910722126
425,2.2060000896453857,2.2116741265287687
426,2.22933292388916,2.1673682734517166
427,2.239332914352417,2.1723824405023175
428,2.150000095367432,2.1802212656888025
429,2.149333000183105,2.177762732980971
430,2.177333116531372,2.167150505384693
431,2.21066689491272,2.1489331750452325
432,2.21066689491272,2.1570462504584405
433,2.129333019256592,2.1746927075409377
434,2.121332883834839,2.1586602098334917
435,2.194000005722046,2.126765669507693
436,2.2326669692993164,2.135875893438324
437,2.22266697883606,2.156733764743739
438,2.208667039871216,2.181427838317839
439,2.252000093460083,2.1837622203045126
440,2.262666940689087,2.2083600174700337
441,2.1640000343322754,2.2226730185202626
442,2.121999979019165,2.2096696517021583
443,2.1646668910980225,2.1822632424688497
444,2.012666940689087,2.1606408447875016
445,2.003999948501587,2.1514364533600987
446,2.1973330974578857,2.0760328618530095
447,2.150000095367432,2.2188095837817223
448,2.003999948501587,2.1321945586497244
449,1.962000012397766,2.064265317353786
450,1.9453330039978027,2.0164633469598763
451,1.9046670198440552,1.9682435369527345
452,1.8373329639434812,1.9264886419357492
453,1.9179999828338623,1.8883262323360184
454,2.053333044052124,1.8769757022236677
455,2.068000078201294,1.965604279672228
456,2.018666982650757,1.9855063554699997
457,1.987333059310913,1.9943433377839024
458,2.1126670837402344,1.9798319156401836
459,2.0273330211639404,2.0385202721652766
460,1.966667056083679,2.038190456697031
461,1.8766670227050777,2.000808894616783
462,1.8586670160293581,1.9328799283962976
463,1.8606669902801518,1.8842520898004171
464,1.9479999542236328,1.8472484813927041
465,1.928666949272156,1.8726576594530002
466,2.005332946777344,1.8878693320084488
467,1.941333055496216,1.93017987944066
468,1.9773329496383667,1.9409965797903956
469,1.9846669435501099,1.9504887918335403
470,1.9593329429626463,1.969848418837834
471,1.99399995803833,1.9699294744046756
472,2.122667074203491,1.9654228215650114
473,2.1393330097198486,2.0238518736296656
474,2.252000093460083,2.0707795625418624
475,2.1459999084472656,2.2234981531876916
476,2.25266695022583,2.20740743117601
477,2.2073330879211426,2.252990459581723
478,2.107332944869995,2.211569139397509
479,2.130666971206665,2.1864613523419734
480,2.094000101089477,2.1190067995862374
481,2.0859999656677246,2.0774236433437934
482,2.0266671180725098,2.07756851641575
483,2.0439999103546143,2.0645385589705145
484,2.0820000171661377,2.042357024584868
485,2.065999984741211,2.0541430908312655
486,2.0993330478668213,2.0451440890754973
487,2.084666967391968,2.057148565231642
488,2.1006669998168945,2.0632763294081378
489,2.180000066757202,2.0700640912883954
490,2.2833330631256104,2.109444993453463
491,2.3973329067230225,2.180675140186388
492,2.2233328819274902,2.278331052162384
493,2.1433329582214355,2.299403115553932
494,2.1513330936431885,2.2550146481491375
495,2.119333028793335,2.1760532307318825
496,2.0439999103546143,2.1310130178869184
497,1.9893330335617065,2.076033045236645
498,1.9299999475479128,2.029804414742548
499,1.8753329515457153,2.0174359220701574
500,1.9673329591751096,1.9558611988158723
501,1.8233330249786377,1.9261324192240077
502,1.8279999494552608,1.8952342938810907
503,1.7499999999999998,1.855723922869439
504,1.7400000095367432,1.8088304350052422
505,1.8179999589920044,1.7641726687318802
506,1.884667038917541,1.7683996615275774
507,2.016666889190674,1.8159979843943888
508,1.939332962036133,1.9200607704399408
509,1.9606670141220093,1.9250998776649546
510,1.996000051498413,1.9229664841426664
511,2.078000068664551,1.9408866413009804
512,1.9613330364227295,1.9818748093384078
513,1.9600000381469729,1.9808638153565128
514,2.0199999809265137,1.9615241771684766
515,2.000667095184326,1.9733010742331047
516,1.9673329591751096,1.9787210692688197
517,1.940667033195496,1.990253057488387
518,1.99666702747345,1.9654102597859873
519,2.048666954040528,1.962621636534457
520,1.966667056083679,2.002557182504756
521,1.888000011444092,1.99565086310422
522,1.912667036056518,1.9543187590586222
523,1.8940000534057613,1.9290263963740684
524,1.8940000534057613,1.8891016700382572
525,1.901332974433899,1.869222517194909
526,1.8760000467300413,1.8660366849891281
527,1.8626669645309448,1.8696273365700284
528,1.9033329486846926,1.861821061978825
529,1.9566669464111326,1.8740900690290172
530,1.824666976928711,1.9032649383501916
531,1.853332996368408,1.8975459362969762
532,1.8853329420089717,1.8709741976801368
533,1.9653329849243164,1.8688449302896448
534,2.026000022888184,1.906351101550139
535,2.169332981109619,1.9589314993313587
536,2.0893330574035645,2.0997968136284206
537,2.069999933242798,2.0946355729022383
538,2.059999942779541,2.064870850117838
539,2.001332998275757,2.0470985918614644
540,2.0439999103546143,2.0486533183222853
541,1.8439999818801878,2.0261553554737763
542,1.8359999656677248,2.067246401730656
543,1.8993330001831052,1.9009306480553356
544,1.9520000219345093,1.8550634667065886
545,1.944000005722046,1.946134439103066
546,1.9866670370101929,1.8838487374943809
547,1.9533330202102661,1.888683922116843
548,1.9600000381469729,1.914511214865824
549,1.9259999990463257,1.9463953940162233
550,1.9500000476837163,1.9319079034369226
551,1.891332983970642,1.926702100487341
552,1.8933329582214355,1.9160085422487685
553,1.888000011444092,1.8821247479380967
554,1.842666983604431,1.8710144503881045
555,1.8220000267028809,1.8695790149821037
556,1.870666980743408,1.8641855188817023
557,1.9213329553604128,1.8351407602498357
558,1.8693330287933352,1.8527820825905421
559,1.8493330478668213,1.8616258500989542
560,1.8566670417785645,1.8628549789151434
561,1.8926670551300049,1.8411440069379028
562,1.8279999494552608,1.8497552439966427
563,1.834666967391968,1.8493848090531586
564,1.8253329992294314,1.8328911015027114
565,1.8753329515457153,1.816910593055898
566,1.9500000476837163,1.835383743566725
567,1.9279999732971191,1.8815664364601574
568,2.0999999046325684,1.9079966029104771
569,2.076667070388794,2.0052795125720935
570,2.102667093276977,2.0562553035436664
571,2.087332963943481,2.0705531754439757
572,2.0213329792022705,2.065860204830757
573,2.0713329315185547,2.0288285387268297
574,2.107332944869995,2.0174820430544576
575,2.0920000076293945,2.049728863343837
576,2.0546669960021973,2.0685336631592635
577,2.122667074203491,2.0668502013864
578,2.194667100906372,2.076589339494595
579,2.200000047683716,2.1284587589214143
580,2.1646668910980225,2.146206077003375
581,2.1419999599456787,2.1553659062073787
582,2.1513330936431885,2.1346726217147247
583,2.1433329582214355,2.126951253746706
584,2.2153329849243164,2.1326087305902486
585,2.246000051498413,2.174830428651114
586,2.254667043685913,2.1978072061716216
587,2.308000087738037,2.22643238304572
588,2.259999990463257,2.2762204899027014
589,2.24733304977417,2.2601273839037597
590,2.259999990463257,2.2322500454947742
591,2.2780001163482666,2.229454912124188
592,2.3046669960021973,2.2412609671868426
593,2.351999998092652,2.267919996414127
594,2.3506669998168945,2.314844201037251
595,2.2406671047210693,2.3516783629658655
596,2.253999948501587,2.3212291607623787
597,2.293333053588867,2.2639446976579998
598,2.305999994277954,2.2450837824501444
599,2.307332992553711,2.2741013086121558
600,2.295332908630371,2.2859218509820063
601,2.266666889190674,2.2759192822815764
602,2.2853329181671143,2.2745600427760793
603,2.239332914352417,2.2382086382676243
604,2.246000051498413,2.226351694246149
605,2.2146670818328857,2.2186171226563824
606,2.257999897003174,2.202071334153485
607,2.357332944869995,2.210466086830649
608,2.318000078201294,2.2784003711765606
609,2.293333053588867,2.2957184798598953
610,2.2893331050872803,2.2902864731960624
611,2.245332956314087,2.276747901238078
612,2.242666959762573,2.2770810176117604
613,2.23533296585083,2.2488647862445776
614,2.194000005722046,2.23854679769128
615,2.2173330783843994,2.2318605386532098
616,2.259999990463257,2.206860122716194
617,2.273333072662353,2.2297841774415272
618,2.2920000553131104,2.2410329296362375
619,2.301332950592041,2.2596610393189676
620,2.345999956130981,2.3324285827591695
621,2.400000095367432,2.3155524286371203
622,2.4660000801086426,2.3255341832949337
623,2.4653329849243164,2.3834663573995036
624,2.5353329181671143,2.409754859991486
625,2.5299999713897705,2.472854601557659
626,2.501332998275757,2.4902589005496263
627,2.500667095184326,2.482631149927473
628,2.553333044052124,2.47690132823977
629,2.5160000324249268,2.502017917709804
630,2.5420000553131104,2.509480347984655
631,2.6113328933715825,2.524297103881295
632,2.6319999694824223,2.5661291117169607
633,2.6159999370574956,2.578668793012986
634,2.561332941055298,2.59006929516598
635,2.526000022888184,2.624966925904895
636,2.563333034515381,2.5744307055073476
637,2.551332950592041,2.524361563229134
638,2.4693329334259038,2.514743183244842
639,2.6186668872833256,2.518184743930172
640,2.569333076477051,2.5664162904899785
641,2.344000101089477,2.594377251836701
642,2.4073328971862797,2.662686922484252
643,2.2920000553131104,2.448747722384072
644,2.295332908630371,2.344556017642842
645,2.3399999141693115,2.2932329897576618
646,2.322000026702881,2.267947779034888
647,2.309999942779541,2.2767350643836006
648,2.371999979019165,2.274633487922052
649,2.44333291053772,2.3058365802506198
650,2.512666940689087,2.3669627471327455
651,2.548666954040528,2.4075154707279434
652,2.564666986465454,2.4567501257733233
653,2.606667041778565,2.493846801375996
654,2.6080000400543217,2.558991912319471
655,2.5986669063568115,2.5812511096747044
656,2.456666946411133,2.576400154059599
657,2.352667093276977,2.5594226804789977
658,2.343333005905152,2.5168508113663584
659,2.3386669158935547,2.3973129221731226
660,2.396667003631592,2.333771501121117
661,2.4006669521331787,2.3379797887860048
662,2.441333055496216,2.350347089464765
663,2.502000093460083,2.3613307606145217
664,2.5239999294281006,2.4606807706142333
665,2.5439999103546143,2.4985568266673055
666,2.526000022888184,2.504808741564959
667,2.9286670684814458,2.505663584381321
668,2.956000089645386,3.027992625686544
669,2.740000009536743,3.0006128987721845
670,2.800667047500611,2.880998171835721
671,2.7579998970031743,2.7398782293609227
672,2.7886669635772705,2.6733132706204548
673,2.700000047683716,2.692027387228182
674,2.7906670570373535,2.690027221917003
675,2.9059998989105225,2.7262775820423593
676,2.916666984558105,2.8272854717977975
677,2.886667013168335,2.8826825505267615
678,3.0393331050872803,2.8565470815785106
679,3.029999971389771,2.9490877821208064
680,3.131333112716675,2.9713967681330478
681,3.188667058944702,3.0617608883069214
682,3.3459999561309814,3.132892649719461
683,3.4006669521331787,3.2476561459653657
684,3.3619999885559078,3.34412437382677
685,3.4666669368743896,3.341794851506434
686,3.4133329391479488,3.3848443432974418
687,3.6626670360565186,3.4319086530180027
688,3.5993330478668217,3.5208143231396343
689,3.552000045776367,3.639432910168669
690,3.607332944869995,3.598396787310588
691,3.6366670131683345,3.604772669545764
692,3.9666669368743896,3.639105020228595
693,3.700666904449463,3.786570770022366
694,3.7193329334259033,3.9569404023415773
695,4.626667022705078,3.893801783444702
696,5.117332935333252,4.765258423638273
697,5.853332996368408,5.139675726148462
698,5.549333095550537,5.54976628048344
699,5.656000137329102,6.067947550723454
700,6.150000095367432,5.754976236155508
701,6.099999904632568,6.0205670876154835
702,5.995999813079834,6.095941429432728
703,5.8393330574035645,5.902070817471253
704,5.815999984741211,5.798665186683114
705,6.182000160217285,5.757902305441761
706,6.4720001220703125,5.911892478215372
707,7.355332851409912,6.249626451837053
708,6.975333213806152,6.863123933940963
709,6.99666690826416,7.188496016701127
710,6.5173330307006845,7.11795823488361
711,6.172667026519776,6.890927827203975
712,6.322667121887207,6.6150729936713235
713,6.357999801635743,6.2883420381729325
714,6.489999771118165,6.242444415140711
715,6.8026671409606925,6.28624816382407
716,6.670000076293945,6.498032789592075
717,6.297999858856201,6.5730642040111436
718,6.515333175659181,6.428091004589569
719,6.545332908630371,6.47621380465359
720,6.686666965484619,6.438077343838267
721,6.813333034515381,6.546570770206615
722,6.892666816711427,6.701189215315066
723,6.97866678237915,6.81373431972368
724,6.7100000381469735,6.897805447065573
725,6.636666774749756,6.8780480609561225
726,6.765999794006348,6.833263943357978
727,6.826666831970216,6.6858293687822234
728,7.047999858856201,6.682246052546739
729,7.283332824707032,6.821197300149437
730,7.157332897186279,7.06620297176982
731,7.811999797821045,7.100622613063096
732,7.854667186737059,7.4633591115336
733,7.682666778564453,7.751748950079574
734,8.005999565124512,7.688616566226302
735,8.107333183288574,7.8193940384324785
736,8.229999542236328,7.966011455528943
737,8.15133285522461,8.131297326707923
738,8.37399959564209,8.11132611527961
739,8.65999984741211,8.227449767949189
740,8.484000205993652,8.461010100117726
741,7.269999980926514,8.535597359371886
742,8.016667366027832,8.369200916896993
743,7.935332775115968,8.124836354465927
744,7.9786667823791495,7.848128787028721
745,8.161999702453613,7.7214774466187786
746,8.182666778564453,7.915324218707654
747,8.113332748413086,8.034152413231936
748,8.271332740783691,8.054430242098618
749,8.62600040435791,8.082808492907667
750,8.974666595458984,8.383221696124231
751,8.78266716003418,8.666428379599596
752,8.95199966430664,8.819739299387729
753,9.036666870117188,8.826940407982152
754,9.199999809265137,8.868740140297989
755,9.645333290100098,8.977936292757144
756,9.476667404174805,9.318836934994708
757,8.9486665725708,9.441084134017169
758,10.232000350952148,9.365823490053865
759,10.199999809265137,10.059654007475915
760,9.825332641601562,10.102370657968693
761,9.695332527160645,9.979519760018535
762,9.290666580200195,9.781465433799314
763,9.31133270263672,9.528005043052994
764,9.466667175292969,9.325290571891289
765,9.65999984741211,9.306187865360174
766,9.972000122070312,9.446793233354073
767,9.857333183288574,9.66729518361389
768,10.473333358764648,9.754926154085938
769,10.78933334350586,10.088991721465314
770,10.947999954223633,10.45714317192156
771,11.133999824523926,10.929477066245449
772,11.096667289733888,11.057139217253651
773,11.070667266845703,11.097381655737772
774,11.266667366027832,11.01138866789701
775,11.262666702270508,11.069945263280077
776,11.374667167663574,11.177300977574477
777,11.32866668701172,11.241309201670363
778,11.131333351135254,11.215776331347998
779,10.713333129882812,11.135103669537118
780,11.091333389282228,10.927123887436148
781,10.90133285522461,10.87817145980563
782,10.995332717895508,10.81438329607221
783,11.03600025177002,10.824736402591684
784,11.10533332824707,10.845616463316981
785,11.08199977874756,10.982719203874966
786,11.08133316040039,10.979496053099384
787,11.861332893371582,10.978932698571471
788,12.22599983215332,11.461307947234674
789,12.074000358581545,11.890025877717841
790,12.155332565307615,11.980044503122643
791,12.349332809448242,12.01452576131741
792,12.576000213623049,12.13932419347539
793,12.726667404174805,12.316853489687428
794,12.891332626342772,12.456563212006092
795,12.866666793823242,12.629840208480747
796,12.063332557678224,12.690306194275475
797,11.553999900817873,12.434257160132017
798,12.065333366394045,11.97240840854508
799,12.204667091369627,11.8481960704858
800,11.648667335510254,11.967035268028207
801,11.251999855041504,11.85204125855262
802,11.528667449951172,11.506507612150608
803,11.91333293914795,11.420567438796839
804,11.981332778930664,11.54762882501551
805,12.262666702270508,11.68704439998301
806,12.237333297729492,12.042722829094695
807,12.186667442321776,12.159892502020528
808,12.226667404174805,12.14131720682479
809,11.506667137145996,12.146162202471745
810,11.435999870300291,11.860633148637826
811,10.966667175292969,11.587439211654656
812,11.543333053588867,11.224905168717621
813,11.310667037963867,11.228091642766126
814,10.857333183288574,11.203727292968454
815,10.964667320251465,11.026628581532309
816,10.614666938781738,10.918056666968015
817,10.662667274475098,10.724808459065047
818,10.81133270263672,10.597412581095428
819,11.68000030517578,10.651154989282285
820,11.78733253479004,11.132791568662144
821,10.077333450317385,11.626283533302578
822,9.317999839782717,10.952613479220561
823,9.196666717529297,10.014587112312002
824,9.646666526794434,9.448392338654658
825,9.186667442321776,9.306731414455465
826,9.24666690826416,9.211864125731
827,9.173333168029783,9.185239022476262
828,9.029999732971191,9.132657065934142
829,8.10533332824707,9.02595273031264
830,8.406000137329102,8.775617196713336
831,8.074000358581543,8.554091965768054
832,8.140000343322754,8.238667711693154
833,8.092000007629395,8.115349552240026
834,8.055999755859375,8.024531374184932
835,8.033332824707031,8.023456012547015
836,8.462667465209961,8.044149021964216
837,8.485333442687988,8.176877696050923
838,8.277999877929688,8.327043219724878
839,9.646666526794434,8.30321435014254
840,9.263333320617676,9.142762971313113
841,9.36533260345459,9.246924876213592
842,9.157333374023438,9.307233885616428
843,9.4399995803833,9.228857186920608
844,9.47933292388916,9.256044177634175
845,9.3100004196167,9.370624473628327
846,9.83133316040039,9.314239140488256
847,9.84333324432373,9.512798138472066
848,9.862667083740234,9.720398683215054
849,10.163999557495115,9.764058659128269
850,9.86533260345459,9.95177161538068
851,9.381333351135254,9.961873119552402
852,9.54933261871338,9.715844900781095
853,9.56999969482422,9.539408571035972
854,10.093999862670898,9.469923778052854
855,10.366666793823242,9.820391177781348
856,10.074666976928713,10.114593544034586
857,10.162667274475098,10.11067426897907
858,10.028667449951172,10.098426442738765
859,10.006667137145996,10.015107188301963
860,9.970666885375977,9.964256373277907
861,9.800000190734863,9.917351974087405
862,9.957332611083984,9.823337786034765
863,10.085332870483398,9.813588378442988
864,9.835332870483398,9.915694919558037
865,9.714667320251465,9.878268520178937
866,9.28933334350586,9.788012963117213
867,10.751333236694336,9.527090325479678
868,10.94200038909912,10.17649432339259
869,11.39799976348877,10.713291233228128
870,11.333999633789062,11.037960956664756
871,11.778667449951172,11.203080315502804
872,11.904000282287598,11.466262973062863
873,12.100000381469728,11.652199308655634
874,11.640000343322754,11.804676933204563
875,11.30799961090088,11.714118426377178
876,11.892000198364258,11.474612063214815
877,11.682000160217283,11.565268130136227
878,12.189332962036133,11.575286011370212
879,12.093999862670898,11.849517899729678
880,11.807332992553713,11.946083320917838
881,11.915332794189451,11.880122427872339
882,11.628000259399414,11.852347142456447
883,11.892000198364258,11.69575585619849
884,12.435333251953123,11.73900211863027
885,13.104000091552734,12.037845557927911
886,13.107999801635742,12.608252286922852
887,13.021332740783693,12.921991612155804
888,13.308667182922363,12.969956702293391
889,13.215332984924318,13.086939323911128
890,13.579999923706056,13.11756365748641
891,12.90933322906494,13.361290044866326
892,13.998000144958494,13.22101183327796
893,13.973333358764648,13.736114459047077
894,14.510000228881836,13.90609788543016
895,16.53333282470703,14.137183272055498
896,16.866666793823242,15.528999046542953
897,16.836000442504883,16.5082911326211
898,16.320667266845703,16.883860817896068
899,16.70400047302246,16.638009380949274
900,16.98933219909668,16.44318554085105
901,16.8439998626709,16.70792695931191
902,16.862667083740234,16.7624608512691
903,16.413999557495117,16.753620292974308
904,15.922666549682615,16.518692652420317
905,15.62733268737793,16.071600415205797
906,16.099332809448242,15.736404471097888
907,15.852666854858398,15.763882675024451
908,15.39799976348877,15.732132365927885
909,15.59866714477539,15.48363873756242
910,16.002666473388672,15.450701569577621
911,15.72266674041748,15.65370578688324
912,15.660667419433592,15.642416690288744
913,15.25933265686035,15.592668377680642
914,14.678000450134276,15.37681263520702
915,14.696000099182127,14.876883904964462
916,14.197333335876465,14.714315045727393
917,13.821332931518556,14.394429434570771
918,14.157999992370605,14.006242955181097
919,13.896666526794432,14.034724634360504
920,14.464667320251463,13.943725273273646
921,15.3526668548584,14.106966050150778
922,15.02666664123535,14.670349919444892
923,14.148667335510254,14.918754056596288
924,13.83466720581055,14.595957780378786
925,14.36400032043457,14.130260173052324
926,14.461999893188478,14.068743032259551
927,13.612667083740234,14.14382175965655
928,13.585332870483398,13.876956025163356
929,13.206000328063965,13.631998033288173
930,12.927332878112791,13.344385007821703
931,13.27400016784668,13.040959911777524
932,13.208000183105469,13.004974174238033
933,13.625332832336426,13.031445235239044
934,14.576000213623049,13.201248945659447
935,13.866000175476072,13.826890825633303
936,13.857333183288576,13.898645174487985
937,13.323332786560059,13.843352807814828
938,13.234000205993652,13.525265823354093
939,13.79466724395752,13.235755877563168
940,13.85933303833008,13.335999974477215
941,13.848667144775389,13.475295983314442
942,14.060667037963867,13.64772354678998
943,14.440667152404783,13.789643408682341
944,13.818667411804201,14.02213718162746
945,13.423333168029785,13.939699635709605
946,11.906000137329102,13.67030614118622
947,12.150667190551758,12.774738220611813
948,12.31133270263672,12.216489826643107
949,12.67733287811279,12.082651314795031
950,12.708000183105469,12.244105935063482
951,12.57266712188721,12.405597965593554
952,12.77066707611084,12.447514329901498
953,13.072667121887209,12.530727955364316
954,13.02000045776367,12.70932821200702
955,13.296667098999023,12.849676842911375
956,13.658666610717773,13.019433607121119
957,13.81999969482422,13.30124584143299
958,14.104000091552736,13.500399002395458
959,14.015999794006348,13.781829798745722
960,14.015999794006348,13.845277602451862
961,13.851332664489746,13.86931846351671
962,13.646666526794434,13.846179849937972
963,13.662667274475098,13.67056141120668
964,13.59933280944824,13.572423291961432
965,13.793333053588865,13.470023337029762
966,13.878000259399414,13.551526359941679
967,13.687333106994629,13.67135509558064
968,13.486666679382324,13.635172770784013
969,13.631333351135254,13.50799695317686
970,13.567999839782718,13.444986336057486
971,13.761333465576172,13.481199469304858
972,14.973999977111815,13.520496381764918
973,15.444666862487791,14.147688953759616
974,15.141332626342772,14.840573945157605
975,15.185999870300291,15.043469599351074
976,15.305999755859377,15.166305826610401
977,15.814666748046877,15.1728533559283
978,15.500000000000002,15.394197403841819
979,15.792667388916014,15.464987888308901
980,15.706666946411131,15.534749957348726
981,15.937333106994627,15.576772684165196
982,16.003999710083008,15.666984229154426
983,15.981332778930664,15.796203673994345
984,15.295332908630371,15.848104176947363
985,15.283332824707031,15.532707797185044
986,14.843999862670898,15.271901058005074
987,14.6046667098999,14.944964712835048
988,14.870667457580566,14.608891461415443
989,14.630666732788086,14.59148615381348
990,14.541999816894531,14.482562142669241
991,15.113332748413086,14.425589981895929
992,14.63866710662842,14.643540699020225
993,14.477333068847658,14.625431198258372
994,14.359999656677246,14.534612286668736
995,14.668000221252438,14.383772644751094
996,14.702667236328123,14.421288535344264
997,14.63866710662842,14.461751767725392
998,14.832667350769043,14.497471965760841
999,14.902667045593262,14.593729302441549
1000,14.904666900634766,14.676868107381129
1001,14.98799991607666,14.729610707987849
1002,15.00066661834717,14.833355965268726
1003,15.261333465576172,14.887209137171357
1004,14.886667251586912,14.943402284261541
1005,15.5513334274292,14.885615900147105
1006,15.901332855224608,15.19263384837581
1007,15.899333000183104,15.506730404930497
1008,16.595333099365234,15.684622800740602
1009,16.826000213623047,16.078318124537336
1010,16.54199981689453,16.47157919588547
1011,17.288000106811523,16.472020783679486
1012,17.33066749572754,16.889632267669004
1013,17.354000091552734,17.041171701539287
1014,17.42533302307129,17.188720707503524
1015,17.46733283996582,17.20945332778597
1016,17.32933235168457,17.226279143100104
1017,17.117332458496094,17.235945661288685
1018,17.047332763671875,17.026421788977746
1019,16.95599937438965,16.89543599296177
1020,17.118667602539062,16.822150023984324
1021,17.503332138061523,16.831022857798946
1022,17.44933319091797,17.074377343166294
1023,17.549999237060547,17.23389323164142
1024,17.590667724609375,17.308398335026926
1025,17.979999542236328,17.345582668007314
1026,18.941333770751957,17.62114665509424
1027,18.746000289916992,18.243472958940277
1028,19.06933212280273,18.54219023029677
1029,18.49266624450684,18.78988577308103
1030,18.80733299255371,18.511921660974142
1031,18.565332412719727,18.537860909432528
1032,18.739999771118164,18.467855306924907
1033,18.687332153320312,18.430452380651136
1034,18.61333274841309,18.464759791159555
1035,16.923999786376953,18.426384198083685
1036,17.382667541503906,17.493143410524215
1037,17.42533302307129,17.21513235220667
1038,17.58799934387207,17.2051782884778
1039,17.288000106811523,17.317463354891434
1040,16.66866683959961,17.153472905712835
1041,16.694000244140625,16.714637333298032
1042,16.80933380126953,16.512607249863596
1043,16.463333129882812,16.495377990551606
1044,16.440000534057617,16.411762388160017
1045,16.35066795349121,16.34965255145767
1046,16.178667068481445,16.218691695616105
1047,16.016000747680664,16.091394111275054
1048,16.761333465576172,15.917967473753922
1049,17.013999938964844,16.29233709651891
1050,17.374666213989258,16.62742007630742
1051,17.30466651916504,17.018476142823648
1052,17.28533363342285,17.095896312477283
1053,17.134000778198242,17.074664888706582
1054,15.793999671936033,17.06715642913925
1055,14.97266674041748,16.270976570668896
1056,15.137332916259766,15.436902317781932
1057,15.313332557678226,15.12547289282033
1058,15.09000015258789,14.977621670624973
1059,15.165332794189451,14.8275228985943
1060,15.364666938781738,14.999850701372186
1061,15.689332962036133,15.089104250250148
1062,15.40666675567627,15.32089969831171
1063,15.685999870300293,15.3386585695627
1064,15.682666778564451,15.444149639052473
1065,14.777999877929688,15.479701124143364
1066,16.184667587280273,15.104080091450488
1067,15.873332977294924,15.543374856488303
1068,15.910667419433594,15.682128783299323
1069,16.113332748413086,15.723547077653553
1070,16.172666549682617,15.859227494735467
1071,15.928667068481444,15.992677966811062
1072,15.39799976348877,15.873573963299155
1073,16.08133316040039,15.600414502439438
1074,16.01333236694336,15.742064423620509
1075,16.1286678314209,15.814660870128893
1076,16.738666534423828,15.870342010109074
1077,16.606666564941406,16.21155147038863
1078,16.780000686645508,16.358702900631346
1079,17.245332717895508,16.557710821754586
1080,16.93199920654297,16.77436171567125
1081,17.18000030517578,16.793468823409615
1082,16.516000747680664,16.932557241971583
1083,16.58066749572754,16.59359386445826
1084,16.185333251953125,16.432213331178506
1085,16.447999954223633,16.24895292959332
1086,16.53933334350586,16.211303535713586
1087,16.562667846679688,16.28368725720492
1088,16.301332473754883,16.32345656590974
1089,15.442667007446287,16.184209703886797
1090,15.428667068481442,15.697031271045507
1091,15.286666870117186,15.418591828555694
1092,15.21866703033447,15.171929102405944
1093,14.913999557495117,15.0714025946934
1094,14.290666580200197,14.904256479917041
1095,14.459333419799805,14.525736518715949
1096,13.989333152770998,14.259538300655567
1097,13.925333023071287,14.010035328760925
1098,13.800000190734862,13.906972258603691
1099,13.6026668548584,13.765664164518984
1100,13.187333106994627,13.605608394621274
1101,13.721332550048828,13.321956455679189
1102,14.550666809082031,13.304919382417086
1103,14.619333267211914,13.878383483381217
1104,14.840000152587889,14.249148517409015
1105,14.731332778930664,14.525168762980787
1106,14.817333221435549,14.618097319911929
1107,15.187999725341797,14.623441852581681
1108,15.047332763671879,14.79682447803032
1109,14.815333366394045,14.8571166161387
1110,14.827333450317385,14.763761142104375
1111,14.620667457580565,14.724606535345377
1112,14.005999565124512,14.54818267568746
1113,14.085332870483397,14.159020595357521
1114,14.063332557678224,13.962367320112666
1115,14.041333198547363,13.92175884789231
1116,13.77733325958252,13.925394245080245
1117,13.480667114257812,13.774503255744694
1118,13.616666793823242,13.509336387249736
1119,12.845999717712404,13.448580655311094
1120,12.791333198547363,12.975101713567842
1121,12.871333122253418,12.725620747709446
1122,12.795332908630373,12.653376397781006
1123,13.104666709899902,12.608357915896836
1124,13.441332817077638,12.735959183538089
1125,13.419333457946777,13.007721261096147
1126,13.770000457763674,13.171964779691582
1127,13.732000350952147,13.410728805897893
1128,13.291333198547363,13.523367435960555
1129,13.68000030517578,13.377080109407789
1130,13.57333278656006,13.399287134118754
1131,14.062666893005371,13.441321597487889
1132,14.557332992553714,13.65449847181576
1133,14.569999694824219,14.059183610114037
1134,14.732666969299315,14.31642537142206
1135,14.490667343139648,14.533085067753223
1136,14.498666763305664,14.49808079943033
1137,14.419333457946774,14.373822982229473
1138,14.186667442321776,14.333842415576687
1139,13.525333404541014,14.148927160065757
1140,13.584667205810549,13.608863820916685
1141,13.623332977294922,13.397977041427541
1142,13.630666732788084,13.374213456419401
1143,14.11400032043457,13.402544027483248
1144,14.473999977111816,13.650145677846186
1145,13.822667121887209,13.989579984535187
1146,13.607333183288574,13.9405857454358
1147,13.58399963378906,13.71260761112848
1148,13.812666893005373,13.556627359143636
1149,13.555999755859377,13.601327487036773
1150,13.155332565307615,13.52522621248885
1151,13.303999900817875,13.301980843043626
1152,13.496000289916992,13.166802163588134
1153,13.375332832336424,13.196566794680717
1154,12.925333023071287,13.256273572224938
1155,12.725333213806152,13.059650371896286
1156,12.687999725341797,12.814881631932824
1157,12.916000366210938,12.64377369709754
1158,12.737999916076658,12.69059153921214
1159,12.578666687011722,12.651551363841623
1160,13.046667098999025,12.556575512005008
1161,12.982000350952148,12.705534371358109
1162,13.380666732788088,12.821536990828331
1163,13.043333053588865,13.006213847613257
1164,13.20533275604248,13.068906844276139
1165,13.308667182922363,13.084325740339576
1166,13.447999954223631,13.11667534715659
1167,12.953332901000978,13.233552339800344
1168,12.694000244140625,13.044559365772923
1169,12.333333015441896,12.788722323111973
1170,12.704667091369625,12.479156075885914
1171,12.584667205810549,12.467197995789522
1172,12.505999565124512,12.479814789904228
1173,12.73333263397217,12.444062316348951
1174,13.539999961853027,12.562835495782618
1175,13.550000190734865,13.114859849166248
1176,13.844667434692385,13.323532821408985
1177,14.005999565124512,13.615585931455474
1178,14.060000419616697,13.763711495569371
1179,13.98533344268799,13.86646061294282
1180,13.830666542053224,13.882394450254427
1181,13.855333328247072,13.767659378472008
1182,13.77999973297119,13.715736869482743
1183,13.78600025177002,13.664879452647813
1184,13.684666633605955,13.605037704747946
1185,13.960666656494139,13.555568135265634
1186,14.629332542419434,13.656376320242135
1187,14.57333278656006,14.108544616484199
1188,14.562000274658203,14.339543446033634
1189,15.436667442321776,14.428214568485604
1190,15.365332603454592,14.952480507747797
1191,15.49666690826416,15.193081304446157
1192,15.06999969482422,15.295334552469516
1193,15.0686674118042,15.134715428043894
1194,15.36733341217041,15.008211528076803
1195,15.52999973297119,15.131150450171948
1196,15.362000465393068,15.324451472561908
1197,15.786666870117188,15.316403131571992
1198,15.77400016784668,15.337197368755927
1199,15.965999603271484,15.469761731105326
1200,16.31599998474121,15.660964844706445
1201,16.211999893188477,15.920298646526977
1202,16.273332595825195,16.063109019352783
1203,16.589332580566406,16.09418447667112
1204,16.583332061767578,16.230620434330834
1205,16.47599983215332,16.316524664492068
1206,16.290000915527344,16.328583972355194
1207,16.374666213989258,16.19896548472467
1208,16.51533317565918,16.150996726914375
1209,16.497333526611328,16.217057380657526
1210,16.495332717895508,16.295202282438215
1211,16.76333236694336,16.312912740409462
1212,16.719999313354492,16.403430902837062
1213,16.6299991607666,16.486892462974925
1214,16.55666732788086,16.460705279841495
1215,16.599332809448242,16.38855335526529
1216,16.39466667175293,16.37696937778509
1217,16.609333038330078,16.28732998973827
1218,17.086000442504883,16.321521501789125
1219,17.066667556762695,16.616263015930404
1220,16.713333129882812,16.78206236128847
1221,16.76066780090332,16.6363398563327
1222,16.71266746520996,16.601297444213646
1223,16.691999435424805,16.556538633557185
1224,16.874666213989258,16.466101159929156
1225,17.360666275024414,16.531533908104738
1226,17.459333419799805,16.84220192421221
1227,17.500667572021484,17.115091444360633
1228,17.319332122802734,17.240439293890237
1229,17.844667434692383,17.17720568227023
1230,17.67799949645996,17.364415433827137
1231,17.91933250427246,17.442180364715302
1232,17.805999755859375,17.598066724278826
1233,17.468000411987305,17.62229537018631
1234,17.884000778198242,17.410518079763722
1235,17.94333267211914,17.526592585619017
1236,18.667999267578125,17.67301048132018
1237,18.64800071716309,18.147729096438656
1238,17.858667373657227,18.355991289338125
1239,16.997333526611328,17.92149237313298
1240,17.19466781616211,17.25478869659209
1241,17.27666664123535,17.07160751673739
1242,17.477333068847656,17.073263837732217
1243,17.709999084472656,17.136768857132598
1244,17.542667388916016,17.30515904649143
1245,17.778667449951172,17.35998488519616
1246,18.310667037963867,17.469241921022263
1247,18.817333221435547,17.816555855756622
1248,17.784666061401367,18.255042265729646
1249,17.857999801635742,17.9207353654861
1250,17.81333351135254,17.654697057955776
1251,17.694000244140625,17.588940087512828
1252,16.867332458496094,17.53836728208002
1253,17.654666900634766,17.065812593859125
1254,17.58799934387207,17.141624855797676
1255,17.785999298095703,17.295794744533968
1256,17.74333381652832,17.426704252957624
1257,17.332666397094727,17.515171452807042
1258,17.75200080871582,17.311781396332567
1259,18.0086669921875,17.365411573734566
1260,16.408666610717773,17.524168987493727
1261,16.167333602905273,16.672582330961735
1262,16.076000213623047,16.151385500221398
1263,15.824666976928713,15.875042499451343
1264,15.878000259399412,15.661889098228801
1265,16.167333602905273,15.585726206779388
1266,16.209999084472656,15.799011644219409
1267,16.999332427978516,15.989933080556572
1268,17.381332397460938,16.530055102468967
1269,17.016666412353516,16.920939521902472
1270,16.14533233642578,16.960456494724998
1271,15.38466739654541,16.482966586108535
1272,14.591333389282228,15.81109735932603
1273,14.668666839599608,14.71952020683425
1274,14.989333152770994,14.573463210127532
1275,16.19933319091797,14.65843438435191
1276,16.565332412719727,15.39393773261411
1277,16.604000091552734,16.00812033597983
1278,15.908666610717772,16.339735164455877
1279,16.512666702270508,16.064834292594515
1280,16.3713321685791,16.157974107473624
1281,16.1286678314209,16.25109338338557
1282,16.544666290283203,16.070318196827163
1283,16.5939998626709,16.19998509773743
1284,16.565332412719727,16.37815917081149
1285,16.682666778564453,16.386458380614616
1286,16.87933349609375,16.39131584634878
1287,16.904666900634766,16.53764865204312
1288,17.483333587646484,16.61444238319827
1289,17.471332550048828,16.924560248399576
1290,17.374666213989258,17.176919603799025
1291,17.613332748413086,17.191186850632224
1292,17.395999908447266,17.305632909805272
1293,17.40399932861328,17.21585561726464
1294,17.541332244873047,17.173425045243068
1295,17.12733268737793,17.18826591608776
1296,16.562000274658203,17.10503615286503
1297,16.44333267211914,16.75654122751877
1298,16.559999465942383,16.511888386012874
1299,15.99199962615967,16.405543482316734
1300,16.504667282104492,16.091476267143708
1301,16.40999984741211,16.070101070602863
1302,16.097333908081055,16.160503334572898
1303,15.463999748229979,15.969777018423787
1304,15.114666938781738,15.565590683613767
1305,14.712667465209961,15.145039193181706
1306,14.371999740600588,14.755730405943456
1307,14.616666793823242,14.442750288961012
1308,14.458666801452637,14.361147505351443
1309,14.753999710083006,14.321844724615051
1310,15.133999824523926,14.393226437922625
1311,15.206666946411133,14.722847519514733
1312,14.201999664306639,14.926425360831846
1313,14.005999565124512,14.518360095366095
1314,14.114666938781737,14.16529378275688
1315,13.939332962036133,14.025461560169777
1316,14.350666999816895,13.92465484226236
1317,14.023332595825195,14.036887094189002
1318,14.197333335876465,13.971693478273966
1319,14.108667373657228,13.982021644619028
1320,13.795332908630373,13.965531788124924
1321,14.252667427062988,13.798145074018937
1322,13.890000343322754,13.916602100065194
1323,15.442000389099118,13.90878115478316
1324,15.451333045959474,14.761677904006365
1325,15.490667343139648,15.15293055777973
1326,15.022000312805176,15.292023377548947
1327,14.43333339691162,15.12380483527284
1328,14.60533332824707,14.698995910361607
1329,14.196000099182127,14.475884044202946
1330,13.812666893005373,14.23088644146252
1331,14.28733253479004,13.922998521267534
1332,14.26666736602783,13.922545196920854
1333,14.73799991607666,14.000525786964236
1334,14.786666870117188,14.250049297826042
1335,14.667332649230957,14.503394523649337
1336,14.516667366027832,14.527521941790088
1337,14.550000190734862,14.429372085992174
1338,15.309332847595217,14.38043066137978
1339,15.440667152404783,14.736850693912974
1340,15.350666999816896,15.034665717783358
1341,15.812666893005371,15.180633223276008
1342,15.465999603271484,15.426917445602317
1343,15.513999938964844,15.41921826705418
1344,15.35866737365723,15.413476158662906
1345,15.40866661071777,15.291009632812521
1346,15.114666938781738,15.228160393292288
1347,14.968000411987303,15.038358330665535
1348,15.137999534606934,14.860925127478442
1349,14.468000411987305,14.874656894096308
1350,14.571999549865723,14.59893152941024
1351,14.739333152770996,14.460184937944636
1352,15.633999824523928,14.491496593385353
1353,15.559332847595215,14.922131249625597
1354,15.364000320434572,15.225972993289378
1355,15.50399971008301,15.2858880946434
1356,15.329999923706056,15.349710000965732
1357,15.313332557678226,15.304365829745112
1358,15.371333122253418,15.239204489349905
1359,15.263333320617676,15.19961709721139
1360,15.812666893005371,15.12139150663113
1361,15.87266731262207,15.34258004522184
1362,16.000667572021484,15.58512764259348
1363,14.894000053405762,15.767567952561212
1364,14.8953332901001,15.193935138652524
1365,14.602666854858397,14.883837812418381
1366,14.37666702270508,14.568054126418122
1367,14.066666603088379,14.308503198373291
1368,13.856666564941406,14.109460067592057
1369,13.998000144958494,13.879001119465205
1370,13.354000091552736,13.838933995736515
1371,13.745332717895508,13.584504605860804
1372,13.666000366210938,13.524299024828327
1373,13.647999763488768,13.442157826865259
1374,13.246666908264162,13.469963187197354
1375,13.331333160400389,13.232075734768198
1376,13.503333091735842,13.163750659895275
1377,13.092000007629396,13.272800838980661
1378,12.904000282287598,13.153156954046171
1379,12.538000106811522,12.947951399581353
1380,12.646666526794434,12.647871954581195
1381,12.74666690826416,12.507973713885352
1382,13.129332542419434,12.532369605668311
1383,12.185333251953123,12.672973506593127
1384,11.565333366394045,12.407599781357451
1385,11.68866729736328,11.961427396458037
1386,10.84000015258789,11.631262765770638
1387,9.866000175476074,11.165898916660582
1388,9.883333206176758,10.441664126025715
1389,9.57800006866455,10.019369757522925
1390,10.031332969665527,9.786952272170128
1391,10.06933307647705,10.001078340194768
1392,10.344667434692385,9.983644424745686
1393,11.245332717895508,10.196678259837954
1394,11.118000030517578,10.651036890221095
1395,11.10533332824707,10.931991622653891
1396,11.849332809448242,10.98661867349786
1397,11.814000129699709,11.368698477829108
1398,11.93333339691162,11.61494602342834
1399,12.495332717895508,11.663977672789345
1400,12.689332962036131,11.964250037373931
1401,12.795332908630373,12.315058530664249
1402,12.423333168029783,12.5741561343624
1403,12.555999755859375,12.539229620700912
1404,13.04933261871338,12.448041007702333
1405,13.402667045593263,12.600199544725687
1406,13.685999870300291,13.00681534593733
1407,13.506667137145996,13.30546879978871
1408,13.9146671295166,13.417087083304072
1409,13.678667068481442,13.59025258252841
1410,13.833333015441895,13.613639130782193
1411,14.343333244323732,13.68714369305302
1412,14.555999755859377,13.97789331221917
1413,14.795332908630373,14.188080299755672
1414,15.092000007629396,14.433051495252602
1415,15.515999794006348,14.699485911435364
1416,15.887999534606934,15.092644287947682
1417,15.616000175476074,15.502051921624474
1418,14.838666915893555,15.541725870838892
1419,15.18333339691162,15.149482945434432
1420,15.350666999816896,14.926896290007523
1421,15.342000007629395,15.028646333335377
1422,15.12600040435791,15.096266481513869
1423,15.317999839782718,15.106535965095606
1424,15.839332580566406,15.200956531284266
1425,16.465999603271484,15.641705161783438
1426,17.031333923339844,16.188455401813304
1427,17.69466781616211,16.51425330137484
1428,17.14666748046875,17.068453318208714
1429,16.67133331298828,17.151945686797323
1430,16.661333084106445,16.898538844072537
1431,16.521333694458008,16.71075253436597
1432,16.968666076660156,16.48562931649437
1433,16.790666580200195,16.583695549354548
1434,16.96733283996582,16.62671588314753
1435,16.92533302307129,16.668222201646746
1436,16.4913330078125,16.714960088496316
1437,16.6646671295166,16.469564910034368
1438,16.55266761779785,16.40860232135501
1439,16.916667938232422,16.383581458142647
1440,16.788000106811523,16.501439920002998
1441,16.916000366210938,16.597852766006515
1442,16.764667510986328,16.660189998416744
1443,16.513999938964844,16.62193470500569
1444,16.05066680908203,16.481549397374256
1445,16.1200008392334,16.147277706788703
1446,15.48799991607666,15.94663840484505
1447,14.8373327255249,15.587626061242009
1448,14.102000236511232,15.105861113317378
1449,14.328666687011719,14.56024345061967
1450,13.928000450134276,14.260799980067038
1451,13.912667274475096,13.977186184921113
1452,13.93066692352295,13.797930881932803
1453,13.818667411804201,13.778879522819597
1454,13.840666770935062,13.713370487051694
1455,13.885999679565431,13.720249573982375
1456,13.64400005340576,13.766218716632398
1457,14.07800006866455,13.658029707098795
1458,14.34733295440674,13.841543911635359
1459,14.685333251953121,14.028586417316792
1460,14.414667129516602,14.351306405941973
1461,14.52733325958252,14.380952937973365
1462,14.63866710662842,14.37777526633936
1463,15.008000373840334,14.421664105029539
1464,14.869333267211914,14.616025818366584
1465,14.881999969482424,14.686076900015781
1466,14.637332916259764,14.71437079435255
1467,14.597332954406738,14.572672459891738
1468,14.599332809448242,14.469198610391235
1469,14.711999893188477,14.448860631692146
1470,15.489333152770996,14.444945024309337
1471,15.701333045959473,14.867653106293563
1472,15.290666580200194,15.319310862494707
1473,14.586000442504883,15.291969095992872
1474,14.524666786193848,14.893080347641945
1475,14.330666542053223,14.635744693912603
1476,14.513333320617676,14.380850243137548
1477,14.52866744995117,14.35535404954226
1478,14.364666938781738,14.31046760387557
1479,14.646666526794435,14.267199335407543
1480,14.640666961669924,14.422974197720752
1481,13.110667228698732,14.507329202930226
1482,13.09333324432373,13.789327988829474
1483,12.876667022705078,13.19602031144726
1484,13.236666679382324,12.813463709664003
1485,13.452667236328125,12.791594110842151
1486,14.012666702270508,13.058271326958167
1487,14.152000427246092,13.485757652946067
1488,14.43333339691162,13.816809126894203
1489,14.26533317565918,14.023561705707156
1490,14.29599952697754,14.036799070044015
1491,14.395999908447267,14.044489446177653
1492,14.45199966430664,14.132560537374633
1493,14.985333442687987,14.241995088559793
1494,14.976667404174805,14.575302914757746
1495,14.835332870483397,14.763373835866435
1496,14.768667221069336,14.744345949858559
1497,14.69333267211914,14.69814207615524
1498,15.083333015441896,14.614284407364938
1499,15.017333030700684,14.704716012716634
1500,15.223999977111816,14.814064006825891
1501,14.699999809265137,14.942992971987355
1502,14.817999839782717,14.766473752839037
1503,15.333999633789062,14.683670906719488
1504,15.300666809082031,14.881270441522947
1505,15.232666969299316,14.996322400227317
1506,15.373999595642088,15.063828117017326
1507,15.652667045593262,15.117183952500785
1508,15.333999633789062,15.288346902426685
1509,15.146666526794434,15.27988338088625
1510,15.052666664123535,15.083479507385523
1511,15.373999595642088,14.978628080015984
1512,15.335332870483398,15.01599139542451
1513,15.077333450317385,15.087857241529509
1514,15.272000312805176,15.007881437533104
1515,15.043333053588867,15.048146615588013
1516,14.994000434875488,14.966002483486779
1517,15.040666580200195,14.884052004504515
1518,15.03933334350586,14.85979548428445
1519,14.907333374023438,14.87901408927313
1520,14.88266658782959,14.826387387123976
1521,14.900667190551758,14.767157407031764
1522,15.0,14.74039659988684
1523,14.862000465393066,14.760316463897244
1524,14.989333152770994,14.729277683305984
1525,14.84133338928223,14.80210152552225
1526,14.730667114257814,14.770204509517374
1527,14.666000366210938,14.678142990414347
1528,14.346667289733887,14.583924879759156
1529,14.089332580566406,14.391442481917569
1530,14.133999824523924,14.149538927873412
1531,13.38466739654541,14.004168519497586
1532,13.185333251953123,13.64447838997815
1533,13.522000312805176,13.319958307588
1534,13.447333335876465,13.289312701511012
1535,13.157333374023438,13.309676353919055
1536,12.964667320251465,13.157390915420013
1537,13.22000026702881,12.997644697098838
1538,13.06999969482422,13.01673640061183
1539,13.093999862670897,12.96106993132248
1540,13.361332893371582,12.939902325056895
1541,13.69333267211914,13.066803800745507
1542,13.755999565124513,13.285326674812215
1543,13.642666816711426,13.499480617149434
1544,13.6813325881958,13.549623571340891
1545,13.76200008392334,13.542817837864366
1546,13.829999923706056,13.566907112208956
1547,13.932666778564451,13.642076797889107
1548,13.720666885375977,13.716162319516844
1549,13.751333236694336,13.671384436962303
1550,13.380000114440916,13.64373165181485
1551,13.60200023651123,13.460521130578488
1552,14.246666908264158,13.416595615161231
1553,14.093999862670898,13.800307533847434
1554,13.897333145141602,13.914334011262714
1555,13.399999618530272,13.871877031997645
1556,13.107333183288572,13.556427837748334
1557,13.396666526794434,13.218674792228573
1558,13.34000015258789,13.226833896934263
1559,13.434000015258787,13.20057922862301
1560,13.349332809448244,13.251317079327666
1561,13.100666999816896,13.202271492810372
1562,12.93066692352295,13.111432775788114
1563,13.273332595825195,12.957401525080176
1564,13.570667266845703,13.016010201415693
1565,13.273332595825195,13.24166229769175
1566,13.339332580566406,13.218103368820703
1567,13.517333030700684,13.1926563220397
1568,13.489333152770996,13.275353539185264
1569,13.482666969299316,13.32412551731856
1570,13.600666999816896,13.349498477110867
1571,13.331333160400389,13.554984241770558
1572,13.182000160217285,13.422606197194714
1573,12.719332695007324,13.246497757389665
1574,12.534667015075684,12.928259664813371
1575,12.494667053222658,12.641403646993783
1576,12.70400047302246,12.47032432000562
1577,12.880666732788086,12.499583545799073
1578,12.996000289916994,12.620899889488303
1579,12.670666694641112,12.748267159610801
1580,12.356666564941406,12.631338086014598
1581,12.570667266845703,12.406877249834022
1582,12.096667289733888,12.352515738494095
1583,12.251333236694336,12.16965878090676
1584,12.26200008392334,12.137659070066066
1585,12.577333450317385,12.104740973979348
1586,12.334667205810547,12.236850544912985
1587,12.3013334274292,12.304575588530918
1588,12.744667053222656,12.296761978594299
1589,12.87600040435791,12.429693841749017
1590,13.109999656677246,12.599080904549819
1591,13.074666976928713,12.792682676101816
1592,12.637999534606934,12.917932965537393
1593,12.62666702270508,12.767860600750215
1594,12.125332832336426,12.625381052002648
1595,12.097999572753906,12.321256164005828
1596,12.453332901000977,12.121409812901591
1597,12.390000343322754,12.185619025461863
1598,12.876667022705078,12.196116638286023
1599,12.819333076477053,12.43617168528547
1600,12.812000274658203,12.562048413219532
1601,12.82866668701172,12.634015487091265
1602,13.210000038146973,12.678224146841561
1603,13.246000289916992,12.915377331194623
1604,13.17199993133545,13.063229286924521
1605,13.499333381652834,13.095956664030435
1606,13.51533317565918,13.213611203288234
1607,13.919333457946776,13.299395133784653
1608,13.846667289733888,13.52855205810025
1609,13.896666526794432,13.69181630808271
1610,14.222666740417482,13.741253602045195
1611,14.63533306121826,13.893387198894136
1612,14.649333000183104,14.22700751080679
1613,14.312000274658203,14.426264833674157
1614,14.246000289916992,14.34388303638146
1615,14.465999603271483,14.230742668692375
1616,15.132666587829592,14.25409254021908
1617,15.116666793823242,14.586121082176565
1618,15.267333030700684,14.784570049979141
1619,15.418666839599611,14.980077544270092
1620,15.324666976928711,15.135287584986305
1621,15.315333366394045,15.155107688299058
1622,15.305999755859377,15.133550575191908
1623,15.850000381469728,15.09945148849329
1624,15.70533275604248,15.35961125020761
1625,15.890666961669922,15.500954553950312
1626,16.250667572021484,15.636640839308559
1627,16.315332412719727,15.962714547857718
1628,16.594667434692383,16.11825027791038
1629,16.974000930786133,16.315672297354784
1630,16.96466636657715,16.576424754978678
1631,16.833999633789062,16.737491335474648
1632,16.863332748413086,16.71980435060873
1633,16.708667755126953,16.651069229927078
1634,16.795333862304688,16.55884633322491
1635,16.615999221801758,16.56477035818249
1636,16.770000457763672,16.51874546690731
1637,16.755332946777344,16.5136488689126
1638,17.184667587280273,16.524073861817147
1639,17.165332794189453,16.717322069720115
1640,17.472000122070312,16.891608409723947
1641,17.946666717529297,17.082994906960455
1642,17.948667526245117,17.508543234689572
1643,18.706666946411133,17.674449676090706
1644,18.73200035095215,18.098591084569126
1645,18.65066719055176,18.41905912215174
1646,17.93000030517578,18.456212646681383
1647,18.148666381835938,18.09922632548211
1648,18.49266624450684,17.90483380369432
1649,18.233999252319336,18.1091613173129
1650,17.06599998474121,18.15587132984989
1651,17.133333206176758,17.459785193712566
1652,16.415332794189453,17.02837445792736
1653,16.666000366210938,16.459041623501253
1654,16.667999267578125,16.330313646804175
1655,16.698667526245117,16.42047531144458
1656,16.771333694458008,16.47583516329556
1657,16.747333526611328,16.517609955436985
1658,16.57266616821289,16.494116311140136
1659,16.45800018310547,16.45827874757804
1660,16.32666778564453,16.35649789579944
1661,16.246000289916992,16.232398522059558
1662,16.411333084106445,16.14175272462173
1663,17.200000762939453,16.15502969982383
1664,17.048667907714844,16.541614139774754
1665,17.469999313354492,16.78592222004612
1666,17.433332443237305,17.146351752383442
1667,17.461332321166992,17.2984926845778
1668,16.711999893188477,17.295074413614163
1669,17.000667572021484,16.952386147698835
1670,16.985332489013672,16.830626749146507
1671,17.54400062561035,16.79552125305688
1672,18.014667510986328,17.04176879865611
1673,18.49666786193848,17.4039118676825
1674,18.492000579833984,18.00233961616475
1675,18.527999877929688,18.24580413171333
1676,18.553333282470703,18.359993453796836
1677,19.90133285522461,18.36229088398098
1678,20.24666786193848,19.05114290246951
1679,19.666667938232425,19.617374352853933
1680,19.913333892822266,19.642188359325576
1681,20.16933250427246,19.694392545578797
1682,20.826000213623047,19.797812113523225
1683,20.58066749572754,20.280184428048262
1684,19.78933334350586,20.358807594350044
1685,20.26666641235352,19.95747324183758
1686,20.09600067138672,19.921116335820063
1687,20.01666641235352,19.86263309389115
1688,20.368000030517575,19.77707069082628
1689,20.167333602905277,19.949618553966634
1690,20.37333297729492,19.96266079811544
1691,20.53533363342285,20.025401474523523
1692,20.91933250427246,20.19990200661349
1693,20.67799949645996,20.417431674910933
1694,20.57533264160156,20.458424519231063
1695,20.9379997253418,20.412825077989982
1696,21.52199935913086,20.52134711220545
1697,21.25933265686035,20.924339252781824
1698,20.73466682434082,21.052294084072106
1699,19.69733238220215,20.798323886819407
1700,20.55666732788086,19.974969507722694
1701,20.47933387756348,20.029861364536163
1702,21.417333602905277,20.202972582204428
1703,21.68133354187012,20.705877995616607
1704,21.540000915527344,21.1319148573504
1705,21.65399932861328,21.25364344745198
1706,21.058666229248047,21.353140072668186
1707,21.13400077819824,20.986446155346005
1708,20.40733337402344,20.90144417267088
1709,20.87066650390625,20.466060613808626
1710,20.722000122070312,20.45420522854805
1711,20.690000534057617,20.496169272601197
1712,20.257333755493164,20.465720253781345
1713,20.68133354187012,20.235048580637443
1714,21.121999740600582,20.309924852500973
1715,21.676000595092773,20.553282272006488
1716,22.34000015258789,21.010648394009994
1717,22.733999252319336,21.61860769032518
1718,22.691333770751957,22.158434831351872
1719,22.656667709350582,22.38983563783008
1720,23.15466690063477,22.404274531746
1721,23.523332595825195,22.548393530193938
1722,23.976667404174805,22.861866582388306
1723,24.666667938232425,23.38742354244363
1724,23.821332931518555,23.963123456690415
1725,23.93400001525879,23.81225007218386
1726,25.063333511352543,23.69986671214166
1727,25.37733268737793,24.309809485857205
1728,25.022666931152344,24.829377869915294
1729,24.76000022888184,24.66158624474237
1730,24.65333366394043,24.5661592691627
1731,24.81599998474121,24.463619942668135
1732,25.09333229064941,24.525753252475813
1733,25.50733375549316,24.61406347593334
1734,25.56333351135254,24.890086655643277
1735,25.166000366210938,25.111058068009687
1736,24.15800094604492,24.968024700683248
1737,24.74933242797852,24.335958525194474
1738,24.049999237060547,24.287348658194862
1739,24.107332229614254,23.888546466919838
1740,23.507999420166016,23.856697864194704
1741,21.80599975585937,23.584599094282073
1742,20.588666915893555,22.367606607082866
1743,20.881332397460938,21.022616743589968
1744,21.06999969482422,20.65764809950952
1745,21.814666748046875,20.588993667627438
1746,21.968000411987305,21.063878061552305
1747,21.560667037963867,21.511103802053388
1748,21.851999282836918,21.48208370852048
1749,21.30466651916504,21.53780299229682
1750,21.882667541503903,21.217400972822947
1751,21.68400001525879,21.33647416788411
1752,21.994667053222656,21.437223670097286
1753,21.893333435058597,21.597025637043618
1754,22.834667205810547,21.628990138226317
1755,22.63999938964844,22.086891740445157
1756,22.92333221435547,22.290702845746484
1757,22.297332763671875,22.51823939225979
1758,22.33799934387207,22.21881939481249
1759,21.564666748046875,22.169458388442326
1760,21.30466651916504,21.717948806218576
1761,21.72599983215332,21.29576006668977
1762,23.139333724975582,21.19344960297217
1763,23.79400062561035,22.29696576366226
1764,23.67799949645996,23.03513771058663
1765,24.347999572753903,23.377839180123704
1766,24.235332489013672,23.810191774260264
1767,23.69333267211914,23.91649706709116
1768,23.857999801635746,23.663322021281505
1769,24.253332138061523,23.579775371136822
1770,24.155332565307617,23.84548945639978
1771,24.194000244140625,23.855681185320112
1772,23.461332321166992,23.898141098723347
1773,23.16399955749512,23.472259746312364
1774,22.52400016784668,23.083292786170478
1775,22.75666618347168,22.469268626265734
1776,23.51799964904785,22.399236616514617
1777,23.52866744995117,22.71891096972327
1778,23.203332901000977,23.04745082140113
1779,23.04400062561035,23.036590108978903
1780,23.15733337402344,22.799010007522657
1781,23.545333862304688,22.70033494099299
1782,23.726667404174805,22.955450919199595
1783,23.69333267211914,23.240295585306246
1784,23.30599975585937,23.343659404625516
1785,22.96866607666016,23.108031972118884
1786,23.374000549316406,22.813881686818096
1787,22.893333435058597,22.881336056190197
1788,24.246000289916992,22.71380850345223
1789,24.183332443237305,23.32838721547039
1790,24.415332794189453,23.735170262557507
1791,25.176000595092773,23.9507678008725
1792,25.320667266845703,24.345758546669618
1793,25.666667938232425,24.68497132592707
1794,25.00666618347168,25.0482396369402
1795,24.927333831787113,24.833620633703635
1796,24.43199920654297,24.64847064713941
1797,23.4060001373291,24.30826759625086
1798,22.99933242797852,23.60821010410557
1799,23.01666641235352,23.056006768293802
1800,22.731332778930664,22.81186153269066
1801,22.63999938964844,22.647455902961543
1802,22.739999771118164,22.433629117029856
1803,22.768667221069336,22.430690577656396
1804,23.209333419799805,22.403675967560094
1805,23.667333602905277,22.493305086123332
1806,23.68866729736328,23.035896185302594
1807,23.79199981689453,23.297889783370795
1808,22.862667083740234,23.418472592518473
1809,23.70599937438965,22.905040958435013
1810,23.63999938964844,23.078306218357003
1811,23.71199989318848,23.22311033806675
1812,23.704666137695312,23.337937835201405
1813,23.37333297729492,23.38109167228095
1814,23.71666717529297,23.14560801254446
1815,23.976667404174805,23.22838298435143
1816,23.45400047302246,23.447840381424076
1817,23.00666618347168,23.23389622996574
1818,22.468000411987305,22.936694440972094
1819,22.48933219909668,22.528081958738344
1820,21.7226676940918,22.34593359551815
1821,21.744667053222656,21.792813341529442
1822,21.391332626342773,21.56919533653711
1823,21.338666915893555,21.215992586503166
1824,22.101999282836918,21.075777458885373
1825,21.405332565307617,21.392324020808847
1826,19.950666427612305,21.316833046999495
1827,20.4060001373291,20.224699875325218
1828,20.185333251953125,19.981985032078104
1829,20.40333366394043,19.925813891024166
1830,20.292667388916016,20.005513886032947
1831,20.19933319091797,20.014663995904275
1832,20.19933319091797,19.90774546819664
1833,21.02666664123535,19.961525286645116
1834,20.57999992370605,20.28399587352617
1835,20.753332138061523,20.38172908170448
1836,20.833332061767575,20.379164644947213
1837,21.003332138061523,20.55604182895181
1838,20.582666397094727,20.80787744068859
1839,21.187332153320312,20.589175584193743
1840,20.84000015258789,20.734342069967017
1841,21.036666870117188,20.69301033268869
1842,21.12066650390625,20.718940778732577
1843,21.170000076293945,20.719130030644298
1844,20.502666473388672,20.809567504272326
1845,20.59000015258789,20.45837170474407
1846,20.435333251953125,20.36307676538188
1847,20.34666633605957,20.249657654567006
1848,20.24666786193848,20.108716327753076
1849,20.88400077819824,20.021707394572264
1850,20.74933242797852,20.220875226225562
1851,21.0086669921875,20.452694147392453
1852,21.92733383178711,20.65069859326285
1853,22.735332489013672,21.121040941306422
1854,22.601999282836918,21.881255601204447
1855,22.525999069213867,22.24594256802094
1856,22.89666748046875,22.36954607241073
1857,22.591333389282227,22.479209486372856
1858,22.07333374023437,22.43348974546696
1859,21.93199920654297,22.106327471658137
1860,22.11066627502441,21.80262069835
1861,21.68000030517578,21.767237926203666
1862,21.152666091918945,21.55664309346206
1863,20.775999069213867,21.14748632859848
1864,21.02400016784668,20.745579819143604
1865,20.75666618347168,20.651339702452166
1866,21.368667602539062,20.55343044598388
1867,21.149999618530277,20.791490279030302
1868,20.974666595458984,20.90736819762846
1869,21.10533332824707,20.714790440296472
1870,22.42733383178711,20.755303553026426
1871,22.246000289916992,21.38699122469176
1872,22.31999969482422,21.77521438080851
1873,22.530000686645508,21.968021000917464
1874,22.4146671295166,22.16850185940014
1875,22.67066764831543,22.182100122731445
1876,23.143999099731445,22.296732499678047
1877,22.971332550048828,22.588563348758445
1878,23.334667205810547,22.713133651674003
1879,23.437332153320312,22.855539113432872
1880,23.519332885742188,23.05471134629342
1881,23.05933380126953,23.236161384630055
1882,22.50933265686035,23.004795787809844
1883,22.856666564941406,22.57657005900406
1884,23.302000045776367,22.496217218253296
1885,23.05466651916504,22.671734429217853
1886,23.62066650390625,22.68917494647781
1887,23.28333282470703,22.988379284769895
1888,22.916667938232425,23.067950177699363
1889,22.208667755126957,22.81612776958433
1890,22.264667510986328,22.295268364733108
1891,23.0,21.911078181525813
1892,21.01533317565918,22.26682336228078
1893,20.69466781616211,21.52565566028871
1894,21.048667907714844,20.765357377452947
1895,21.577333450317383,20.707639945585417
1896,21.48733329772949,20.97898464198933
1897,22.271333694458008,21.14303230686217
1898,22.36599922180176,21.576084692951373
1899,22.31800079345703,21.955454087151583
1900,22.21999931335449,22.071050328485786
1901,23.077999114990234,22.07302793760981
1902,23.46999931335449,22.411947303050642
1903,23.827999114990234,22.89453234259273
1904,23.39933204650879,23.301489970900736
1905,22.87066650390625,23.253419985323706
1906,22.062000274658203,22.906996561522792
1907,22.341333389282227,22.29699803918209
1908,22.22333335876465,21.971095977715652
1909,21.8799991607666,21.88393153521203
1910,22.15333366394043,21.731189104693602
1911,21.940000534057617,21.674296165650777
1912,21.81133270263672,21.64952323711346
1913,23.03400039672852,21.50936679225899
1914,22.78933334350586,22.04838557822089
1915,21.775333404541016,22.175667024802028
1916,21.706666946411133,21.801323809280536
1917,21.42333221435547,21.579356257006697
1918,20.90399932861328,21.318185684694118
1919,20.703332901000977,20.859512404137565
1920,21.101999282836918,20.593834995601686
1921,20.606666564941406,20.69662519090946
1922,20.1026668548584,20.540979430675566
1923,20.27866744995117,20.18037678418644
1924,18.61199951171875,19.971181535350116
1925,17.185333251953125,19.15186453037011
1926,17.742000579833984,17.815037439255608
1927,16.832000732421875,17.386703147337673
1928,17.8353328704834,16.857383155084182
1929,19.12933349609375,17.275625478779435
1930,20.381332397460938,17.941337416620147
1931,19.953332901000977,19.238492025589313
1932,19.310667037963867,19.751226801858298
1933,20.31333351135254,19.634277922829472
1934,20.062000274658203,19.93785265992013
1935,19.60533332824707,19.992919097954488
1936,20.022666931152344,19.736755632422547
1937,19.41399955749512,19.808229771082356
1938,19.179332733154297,19.497150975631616
1939,19.55666732788086,19.14341861365867
1940,20.005332946777344,19.24928525283372
1941,19.34933280944824,19.466946957348643
1942,18.891332626342773,19.336687360528803
1943,18.8973331451416,18.995827062691024
1944,18.71266746520996,18.77290738258225
1945,19.03199958801269,18.585382211172476
1946,19.60533332824707,18.60778288900241
1947,19.59333229064941,18.95952737236775
1948,19.994667053222656,19.259446173303306
1949,20.07666778564453,19.53642588205543
1950,18.96333312988281,19.756323399853006
1951,19.606000900268555,19.00662909234993
1952,20.184667587280277,19.016264802087765
1953,20.131332397460938,19.54507132016217
1954,20.456666946411133,19.823920074926168
1955,20.334667205810547,20.029631034690116
1956,20.070667266845703,20.141989454557905
1957,19.46466636657715,20.02128487867633
1958,18.94533348083496,19.6462242663732
1959,19.09866714477539,19.039035181326643
1960,18.96933364868164,18.841649838609317
1961,18.454666137695312,18.782012013312002
1962,18.965999603271484,18.467409317923643
1963,18.333999633789062,18.666584484922357
1964,18.60466766357422,18.45302177142563
1965,18.523332595825195,18.409716826230525
1966,18.59000015258789,18.344771144990535
1967,18.917333602905277,18.335167710772527
1968,19.447999954223636,18.48804804578477
1969,18.98200035095215,18.866337677139814
1970,19.454666137695312,18.85779346679981
1971,19.78266716003418,19.019754959436472
1972,19.408666610717773,19.35703854284964
1973,21.299999237060547,19.286142429408574
1974,21.07266616821289,20.200188085084694
1975,21.17733383178711,20.767089986040094
1976,22.13999938964844,21.05080354188367
1977,22.851333618164062,21.560234478577502
1978,22.985332489013672,22.324534925871976
1979,23.847999572753903,22.69408816083713
1980,23.87800025939941,23.215610680913915
1981,24.722000122070312,23.47027333477384
1982,23.503332138061523,23.930005839208395
1983,24.14800071716309,23.524252674617617
1984,23.167333602905277,23.68642689227133
1985,22.242000579833984,23.315293623903674
1986,22.200666427612305,22.59432893025505
1987,22.799999237060547,22.139556586390473
1988,22.96666717529297,22.169832491058518
1989,23.32866668701172,22.511878180715446
1990,22.86333274841309,22.928693046192837
1991,22.33799934387207,22.861758019276156
1992,20.724000930786133,22.561950715590914
1993,20.61066627502441,21.46057794283124
1994,20.59333229064941,20.648764996211316
1995,21.233999252319336,20.374395203358038
1996,21.49799919128418,20.63653550833455
1997,21.263999938964844,21.079326298997405
1998,21.11400032043457,21.071993887720044
1999,21.257999420166016,20.97037147940242
2000,20.67333221435547,20.900971776426122
2001,21.512666702270508,20.576048250038117
2002,21.59000015258789,20.82951084138806
2003,21.34866714477539,21.09979484684489
2004,20.905332565307617,21.063443809103706
2005,20.21333312988281,20.86372435947516
2006,19.82866668701172,20.161950396502636
2007,20.582666397094727,19.769899657148063
2008,20.44333267211914,19.952331164701295
2009,19.812000274658203,20.10943225746563
2010,19.344667434692383,19.853147025199792
2011,19.875999450683597,19.401223729494607
2012,20.05599975585937,19.431898676953256
2013,23.30266761779785,19.60016709957819
2014,23.211332321166992,21.551009548182936
2015,22.79933357238769,22.643395055739507
2016,25.304666519165036,22.850319281635183
2017,24.689332962036136,23.797192075114868
2018,23.49666786193848,24.302032552647663
2019,23.69933319091797,23.69559167283349
2020,23.76066780090332,23.491327243185484
2021,23.176000595092773,23.47605065282311
2022,22.57933235168457,23.232722574699256
2023,22.36333274841309,22.59104562964706
2024,20.36666679382324,22.27922009603302
2025,20.562667846679688,20.9443310031773
2026,21.459999084472656,20.192044384604376
2027,21.44266700744629,20.63999779137068
2028,21.34000015258789,20.97852985057357
2029,21.521333694458008,21.135726302828306
2030,21.284666061401367,21.23366783481642
2031,20.790666580200195,20.992387785132582
2032,20.333999633789062,20.756725142967955
2033,20.209999084472656,20.378868296992426
2034,20.11066627502441,20.05088739863523
2035,19.26333236694336,19.900160721036986
2036,18.715999603271484,19.391651103727344
2037,18.729999542236328,18.803570593488235
2038,17.549333572387695,18.64632279381559
2039,19.03333282470703,17.722471248387993
2040,18.62933349609375,18.18889798904876
2041,19.369333267211918,18.31732961779105
2042,19.297332763671875,18.75732564185059
2043,19.68000030517578,19.006140558345255
2044,19.6560001373291,19.252707925004604
2045,18.997333526611328,19.35774713721678
2046,19.934667587280277,19.058265522867988
2047,19.8886661529541,19.292477233709423
2048,19.940000534057617,19.57830336903267
2049,19.978666305541992,19.70313334317594
2050,20.06599998474121,19.71259153755472
2051,20.6386661529541,19.78219663020265
2052,20.501333236694336,20.11966506432029
2053,17.65133285522461,20.31138311916958
2054,20.71333312988281,18.488498435993282
2055,20.06800079345703,19.632568787347655
2056,19.65333366394043,20.020762602082744
2057,18.788667678833008,19.839585438595567
2058,17.463333129882812,19.14624858991998
2059,16.70400047302246,18.044652822659675
2060,17.520000457763672,17.17568433163105
2061,17.125333786010742,17.181388296226164
2062,16.815332412719727,17.020623931961314
2063,17.25200080871582,16.860431724638875
2064,17.305999755859375,16.98945164808349
2065,18.439332962036133,17.086760873296786
2066,18.118667602539062,17.694134809047814
2067,17.5939998626709,17.95408477988325
2068,17.333332061767578,17.76039645125535
2069,17.39666748046875,17.43717179086558
2070,19.60933303833008,17.23419544787254
2071,19.233333587646484,18.243079784426005
2072,20.99066734313965,18.96808772046767
2073,22.059999465942383,20.241814703248725
2074,22.32333374023437,21.204993969587125
2075,21.99333381652832,21.987139845208493
2076,22.488000869750977,21.984456575855493
2077,22.95199966430664,22.17168539931048
2078,23.0939998626709,22.47032051479832
2079,22.76000022888184,22.701464584186983
2080,22.73733329772949,22.457391234968913
2081,23.21066665649414,22.456772131815843
2082,23.426666259765625,22.715476560999722
2083,23.367332458496094,23.032571806760277
2084,22.0853328704834,23.057387280301004
2085,22.582000732421875,22.37562560669112
2086,22.933332443237305,22.30143005488215
2087,23.22933387756348,22.471849200782916
2088,23.62066650390625,22.671882603195247
2089,23.564666748046875,22.985848590601538
2090,23.166000366210938,23.27858315423713
2091,22.54599952697754,22.866433568444013
2092,21.722000122070312,22.575930416883825
2093,23.06666755676269,21.941390762920935
2094,22.92799949645996,22.173020432176106
2095,23.191333770751957,22.374460753839134
2096,22.744667053222656,22.675985995420692
2097,23.365333557128903,22.589144308115355
2098,23.89933204650879,22.759132135705688
2099,23.979999542236328,23.308235554544854
2100,24.20400047302246,23.573417093730644
2101,23.86466789245605,23.692283432051088
2102,24.34333229064941,23.790296850424273
2103,24.450666427612305,23.88435211641124
2104,24.440000534057617,24.045232379133655
2105,25.119333267211918,24.16824318761387
2106,24.38066673278809,24.476204461263013
2107,23.22800064086914,24.292144507027533
2108,22.46866607666016,23.460496786404025
2109,22.197999954223636,22.677692196764344
2110,21.025333404541016,22.21929765933358
2111,21.31800079345703,21.308885933776313
2112,19.69266700744629,21.049571203853862
2113,21.73933219909668,20.133404166283572
2114,21.07533264160156,20.578386758156586
2115,22.257999420166016,20.62221544701436
2116,22.18666648864746,21.395068907063337
2117,20.67466735839844,21.808354004326777
2118,20.02400016784668,20.832078212283495
2119,21.179332733154297,20.140108671993364
2120,22.33066749572754,20.43514213288218
2121,22.356666564941406,21.30818027354734
2122,22.568666458129883,21.88764908826862
2123,22.99799919128418,22.22211736611131
2124,23.15066719055176,22.433633518237105
2125,22.293333053588867,22.63971564647908
2126,22.96199989318848,22.30163837869195
2127,23.06999969482422,22.442556232400552
2128,23.15399932861328,22.686820300599425
2129,20.15066719055176,22.81769166522692
2130,19.92799949645996,20.96180086181892
2131,19.172666549682617,20.093951744500703
2132,19.43400001525879,19.265427413955127
2133,19.80266761779785,19.012522308856763
2134,19.7586669921875,19.252945590196067
2135,19.83066749572754,19.33511319540263
2136,20.584667205810547,19.451825876309076
2137,20.468000411987305,19.91893627116257
2138,20.81399917602539,20.017766847015043
2139,20.85933303833008,20.333835144417424
2140,21.42333221435547,20.452386062885
2141,21.14800071716309,20.850437114789475
2142,20.500667572021484,20.95724267817771
2143,20.386667251586918,20.53426318841311
2144,20.856000900268555,20.201766651418115
2145,20.78733253479004,20.468393253650763
2146,20.544666290283203,20.577029719254714
2147,20.251333236694336,20.442442268639713
2148,20.525333404541016,20.152258938139642
2149,20.375999450683597,20.161395844389222
2150,20.17066764831543,20.16695603621419
2151,19.415332794189453,19.997603449536843
2152,19.6473331451416,19.554968168196798
2153,19.917999267578125,19.45549795022409
2154,19.857332229614254,19.609273197377025
2155,20.982667922973636,19.536248366696373
2156,21.32533264160156,20.142602689434643
2157,19.652666091918945,20.697038904390897
2158,19.02400016784668,19.966928502078193
2159,18.43600082397461,19.316152794572577
2160,18.416000366210938,18.61636671020766
2161,18.439332962036133,18.361466391156274
2162,18.94266700744629,18.313874670100336
2163,19.39466667175293,18.505789312206762
2164,18.89066696166992,18.82418584824403
2165,19.263999938964844,18.7739886124965
2166,19.33066749572754,18.915748563858802
2167,18.36199951171875,19.10047310038893
2168,17.965999603271484,18.59899074398736
2169,17.83133316040039,18.120742360654933
2170,18.239999771118164,17.810584884588383
2171,18.26799964904785,17.864982339120846
2172,17.635332107543945,17.946263834601215
2173,17.3613338470459,17.71308787453245
2174,17.851333618164062,17.33813142413422
2175,18.32200050354004,17.498539290611877
2176,18.57466697692871,17.83188085939874
2177,18.65733337402344,18.17956742968021
2178,19.27866744995117,18.336144778781875
2179,19.058666229248047,18.735101012310626
2180,19.45400047302246,18.85150560870962
2181,17.851999282836914,19.106825509518774
2182,18.33066749572754,18.1129126129584
2183,18.21333312988281,17.941266997304158
2184,18.15399932861328,18.003800816971523
2185,18.40399932861328,17.983922030895446
2186,17.89466667175293,18.116851693446538
2187,17.84666633605957,17.848112511734218
2188,17.7586669921875,17.73180474189471
2189,18.224000930786133,17.56646752329782
2190,18.082000732421875,17.75528078136256
2191,18.21733283996582,17.852741114691415
2192,17.516666412353516,17.95433124748921
2193,17.593332290649414,17.640338852839424
2194,17.243999481201172,17.407211306050403
2195,16.5086669921875,17.231168884354094
2196,15.675999641418455,16.783372453979684
2197,16.097999572753906,16.07421913351914
2198,15.912667274475098,15.898093088885094
2199,15.600666999816896,15.819607827077125
2200,16.273332595825195,15.630272292418798
2201,17.00200080871582,15.947675622686805
2202,17.022666931152344,16.462492169984717
2203,16.470666885375977,16.701788742268196
2204,16.32266616821289,16.58697444875529
2205,16.131999969482422,16.40548039834616
2206,15.968000411987305,16.09918718224451
2207,15.133999824523926,15.875049834796759
2208,15.487333297729492,15.33689661959389
2209,15.463333129882812,15.256174077434185
2210,15.222000122070312,15.19419334281115
2211,14.0686674118042,15.108600131295535
2212,13.690667152404783,14.519787553583956
2213,13.67199993133545,13.86729684232019
2214,12.848667144775392,13.536213092852226
2215,13.03266716003418,13.117976637433305
2216,12.708666801452637,13.006750794897673
2217,12.579999923706056,12.803613074305492
2218,12.657333374023438,12.644613594147618
2219,12.54800033569336,12.564326771505595
2220,12.343999862670898,12.472901226850095
2221,11.9313325881958,12.3643857944455
2222,12.90666675567627,12.12864686468855
2223,13.105999946594238,12.3861079528245
2224,13.729999542236328,12.778175563473528
2225,13.63333320617676,13.417288071768457
2226,14.19200038909912,13.6342969305414
2227,14.47333335876465,13.947838934982673
2228,13.95066738128662,14.26763212078706
2229,14.260666847229004,14.236082800154879
2230,14.328000068664553,14.169269539972095
2231,15.001999855041504,14.15060108588958
2232,14.982666969299316,14.495115852813374
2233,15.095333099365236,14.819744498315675
2234,14.641332626342772,14.911807484487785
2235,14.790666580200195,14.745977330678972
