Date,Open,High,Low,Close,Volume,Dividends,Stock Splits
2020-03-19,11.520999908447266,11.520999908447266,11.520999908447266,11.520999908447266,100,0.0,0
2020-03-20,12.481082991057752,12.481082991057752,11.52099968405331,12.24106216430664,2300,0.0,0
2020-03-23,12.24106281548625,12.24106281548625,11.040958617889558,11.079361915588379,18700,0.0,0
2020-03-24,12.385073790902776,12.385073790902776,11.040957581951396,11.2329740524292,96100,0.0,0
2020-03-25,11.328983182688765,12.91312026977539,11.328983182688765,12.91312026977539,19200,0.0,0
2020-03-26,13.441165731993811,14.833286285400392,13.441165731993811,14.83328628540039,76400,0.0,0
2020-03-27,14.401249844249584,15.361333167199557,13.969212532043459,13.969212532043457,486500,0.0,0
2020-03-30,14.641270793849317,15.841374957279589,14.641270793849317,15.265324592590332,210000,0.0,0
2020-03-31,15.735765348831395,16.561437606811523,13.978813826355454,16.561437606811523,461500,0.0,0
2020-04-01,15.361331985811606,15.361331985811606,13.978812509955526,14.44925308227539,2998900,0.0,0
2020-04-02,15.034905006353277,15.265324788950174,11.636210008425168,12.749906539916992,15966300,0.0,0
2020-04-03,13.201147187906416,16.32141834141157,12.845916427995583,16.244611740112305,66934300,0.0,0
2020-04-06,16.379022578841347,16.465430232855585,14.257239106569896,14.823687553405762,37138000,0.0,0
2020-04-07,14.593265337818712,15.169315658835359,13.969211586389632,14.64126968383789,23486000,0.0,0
2020-04-08,13.921206105067087,14.641268489811935,13.18194161723784,13.690786361694336,49372700,0.0,0
2020-04-09,13.441165423588522,14.881290290401578,13.345156732891626,14.190030097961426,34992600,0.0,0
2020-04-13,13.92120700404606,13.92120700404606,13.42196327889249,13.431564331054688,21497400,0.0,0
2020-04-14,13.44116568568393,13.633182155215207,13.22994711139615,13.316354751586914,22350000,0.0,0
2020-04-15,12.989925877412212,13.109936281456761,12.423476623824861,12.826711654663086,14990700,0.0,0
2020-04-16,12.625092990627962,12.721101671371533,11.770619577558046,12.375472068786621,21745200,0.0,0
2020-04-17,12.769107353766723,13.277951217730825,12.413876662651651,13.191543579101562,21336500,0.0,0
2020-04-20,12.961125231431021,14.151628366276082,12.937123513911844,13.873204231262207,20032200,0.0,0
2020-04-21,13.65238397155923,14.641269455459742,13.61398067846426,14.103622436523438,16235900,0.0,0
2020-04-22,14.353243905468103,14.554861417584263,13.65238359682084,14.199630737304688,12539500,0.0,0
2020-04-23,14.113223894242747,15.284525740706803,14.026816253394458,15.092509269714355,12226000,0.0,0
2020-04-24,14.977299865754432,16.004588705098563,14.679673639499713,15.601353645324707,17390000,0.0,0
2020-04-27,15.524544850416842,16.138997489993685,15.337328926246604,16.129396438598633,12186100,0.0,0
2020-04-28,16.206204153911077,17.041477371664605,15.946983072937547,16.321414947509766,12983800,0.0,0
2020-04-29,16.763052038050063,17.358304436485,16.48462885821119,16.935867309570312,12523200,0.0,0
2020-04-30,16.53263589551611,17.127888423895183,16.307017536190568,17.003076553344727,19094100,0.0,0
2020-05-01,16.638241545848157,16.657443649065957,15.956583362536355,16.100595474243164,10727200,0.0,0
2020-05-04,15.505347144545093,15.86057882204336,15.063708726808592,15.745368003845215,9700300,0.0,0
2020-05-05,16.0141891774753,16.090995765543216,15.207719087155427,15.33253002166748,16298000,0.0,0
2020-05-06,15.361330259094975,15.716561827070382,14.814083161608838,15.639755249023438,10647200,0.0,0
2020-05-07,15.562949344215637,16.359820237606595,15.246122845491973,15.754966735839844,12454100,0.0,0
2020-05-08,16.35982080699364,17.66553288935611,16.259010665714875,17.62713050842285,17693300,0.0,0
2020-05-11,17.69433550613128,18.001561869035314,17.300701499758798,17.617528915405273,9574600,0.0,0
2020-05-12,17.655930625587445,17.665531677965788,16.983873440025004,17.089481353759766,7743200,0.0,0
2020-05-13,16.523034336774607,16.740974409956163,15.45734301433636,15.783771514892578,10676300,0.0,0
2020-05-14,15.380532779942916,16.04779028823555,15.09250764662586,15.889375686645508,7797200,0.0,0
2020-05-15,15.649353896493729,16.287810041014165,15.36132969715731,16.042987823486328,7353800,0.0,0
2020-05-18,16.60943602472199,17.012670978781323,16.599836805694014,16.849456787109375,6135000,0.0,0
2020-05-19,16.743849235202532,17.20468866880669,16.46542426622515,17.06067657470703,8338100,0.0,0
2020-05-20,17.435113619265007,18.289587221136117,17.31990464188721,17.98236083984375,11910000,0.0,0
2020-05-21,17.799944599942,18.740825759509026,17.761540390385708,18.673620223999023,9711500,0.0,0
2020-05-22,18.692822099708447,19.06725585012062,18.193580151181646,18.289587020874023,5937100,0.0,0
2020-05-26,18.827238500794028,19.77772097027107,18.568015509696476,18.731229782104492,7305400,0.0,0
2020-05-27,18.7888311072125,19.326477277360542,18.65442002247891,19.192066192626953,8969700,0.0,0
2020-05-28,19.278474164651346,19.643305042702266,18.72642548959651,18.81763458251953,8509200,0.0,0
2020-05-29,18.203178506370406,20.142547213710447,18.126371915545732,19.652904510498047,32990600,0.0,0
2020-06-01,19.729710383738393,21.073828421104004,19.729710383738393,20.949016571044922,7695700,0.0,0
2020-06-02,20.824206942326125,20.9576584602009,20.070541710896734,20.50737953186035,8295600,0.0,0
2020-06-03,20.612987315796605,21.67868034017744,20.526579674294723,21.333049774169922,9636300,0.0,0
2020-06-04,21.150636818025205,22.197127813958485,21.150636818025205,21.774690628051758,6651900,0.0,0
2020-06-05,22.600361874673577,23.426032271601883,22.446746861184334,22.61956214904785,7843600,0.0,0
2020-06-08,22.686768764879325,23.406831277700316,22.379542385736556,23.397232055664062,8570400,0.0,0
2020-06-09,22.792377917847098,23.00359559012959,22.283533096313473,22.283533096313477,6850000,0.0,0
2020-06-10,21.41945832264003,22.225928456663745,21.160237218371666,21.31385040283203,10262100,0.0,0
2020-06-11,19.355283641356078,20.929820030173115,19.201670424457536,20.219358444213867,6834800,0.0,0
2020-06-12,21.12183228721375,21.419457593066515,20.180951106638204,20.680194854736328,5212800,0.0,0
2020-06-15,19.89292312225864,21.640276073717335,19.806515488293684,21.093027114868164,7735600,0.0,0
2020-06-16,22.043514809673074,22.06271691788273,21.04982859999602,21.189041137695312,7287800,0.0,0
2020-06-17,21.28504688986487,21.44826112453988,20.238555943633376,20.4113712310791,5737700,0.0,0
2020-06-18,20.16175070369945,21.016224314201185,20.16175070369945,20.401771545410156,3618900,0.0,0
2020-06-19,20.891413466330327,20.97782111246862,20.16174991628118,20.593788146972656,14451100,0.0,0
2020-06-22,20.660997083681657,21.913906327450437,20.459378599141868,21.832298278808594,5995500,0.0,0
2020-06-23,22.19712961131638,22.312338596938286,21.429061771910508,21.496267318725586,5961200,0.0,0
2020-06-24,21.217840544760747,21.75548666097889,20.59378678810586,20.949016571044922,6825600,0.0,0
2020-06-25,20.83338439369535,21.074288459201785,20.269667924675172,20.737022399902344,6141000,0.08,0
2020-06-26,20.73701931058095,20.949014194981654,19.841819113119957,20.207029342651367,21346900,0.0,0
2020-06-29,20.313027715567458,21.652453532870144,20.23593849956339,21.315189361572266,8086000,0.0,0
2020-06-30,21.016468041288164,21.59463810780331,20.631021942928726,21.411550521850586,7082500,0.0,0
2020-07-01,21.507915352698497,22.17281110909357,21.074289123881705,21.787364959716797,9181500,0.0,0
2020-07-02,22.153537668081558,22.375168967485706,21.748818764062076,22.076448440551758,5667400,0.0,0
2020-07-06,22.288441915533934,23.406238399364213,22.288441915533934,23.329147338867188,7145200,0.0,0
2020-07-07,22.895522857509402,23.300241765519118,22.860833348062236,23.13642692565918,4671900,0.0,0
2020-07-08,23.011154794139728,23.213515158442497,22.60643590348629,23.11715316772461,4692100,0.0,0
2020-07-09,23.126789465564258,23.33878437400251,22.89552179146287,23.040063858032227,5470300,0.0,0
2020-07-10,22.97260928968101,25.111836492811577,22.856974542344677,23.984405517578125,12262400,0.0,0
2020-07-13,24.225313310134055,24.292766157385465,22.413715466137575,23.396604537963867,8562400,0.0,0
2020-07-14,23.415873062194134,24.24458358720062,23.348420221870732,24.234947204589844,7218300,0.0,0
2020-07-15,24.649301147516724,25.603280919488856,24.610757457089058,25.487648010253906,5798700,0.0,0
2020-07-16,25.169656803579407,26.008001896667196,24.976932821883402,25.641828536987305,4863400,0.0,0
2020-07-17,25.91164020638417,25.92127658937596,25.37201562450886,25.516557693481445,3187100,0.0,0
2020-07-20,25.26601860566399,25.574377364095522,25.116659256154954,25.449106216430664,2442800,0.0,0
2020-07-21,25.33346967319766,25.824912296324854,25.2081985434186,25.603281021118164,4952700,0.0,0
2020-07-22,25.381652166197707,26.075455204375345,25.36237940009363,25.632192611694336,3503900,0.0,0
2020-07-23,25.690008463579275,26.624715542062695,25.55510277995027,26.354904174804688,6245400,0.0,0
2020-07-24,26.258541789628346,26.268178172307227,25.574375160996304,25.612918853759766,8293000,0.0,0
2020-07-27,25.53582974388486,25.80564294623771,25.13111085933162,25.294925689697266,5734900,0.0,0
2020-07-28,25.12147331237793,25.43946657565036,24.909478416180306,25.12147331237793,9895100,0.0,0
2020-07-29,25.160018717780904,26.711439497414936,25.160018717780904,26.19108772277832,12657500,0.0,0
2020-07-30,24.90947979116271,26.49944619528967,24.668575734841895,25.921276092529297,6742900,0.0,0
2020-07-31,25.87309545039098,26.359720824813653,25.661098709177416,26.248905181884766,9261300,0.0,0
2020-08-03,26.248910342959487,26.875260631253145,26.02727901352445,26.61508560180664,4115900,0.0,0
2020-08-04,26.403083767706196,26.85598456237469,26.17181609802427,26.75962257385254,4382200,0.0,0
2020-08-05,26.653625519755526,27.149887303931795,26.653625519755526,27.08725357055664,4177300,0.0,0
2020-08-06,27.00052623376465,27.501607096435635,26.923437011657732,27.241430282592773,3648700,0.0,0
2020-08-07,27.67505626482758,27.97377860651,27.405244908407358,27.91596031188965,3477900,0.0,0
2020-08-10,27.964142294761363,28.494130464456813,27.858143925641464,28.388132095336914,3516900,0.0,0
2020-08-11,29.062664712015042,29.216843158395594,28.368861703302553,28.417041778564453,5113800,0.0,0
2020-08-12,28.78321638838816,29.091573274948594,28.542312341018814,28.706127166748047,3523800,0.0,0
2020-08-13,28.81212775432076,29.178302987130095,28.301412278282026,28.465227127075195,3643800,0.0,0
2020-08-14,28.62904106084387,28.95474459494029,28.21468757155264,28.445955276489258,5008300,0.0,0
2020-08-17,28.42668091808922,29.08675757054365,28.082669559982016,28.754310607910156,4588200,0.0,0
2020-08-18,28.638672525469026,28.9566657948767,28.301408329091206,28.388132095336914,3412900,0.0,0
2020-08-19,28.465225355958363,28.609767428146576,28.060506451060068,28.185775756835938,3864000,0.0,0
2020-08-20,27.964142302874034,28.339952029205215,27.70396549020536,27.954505920410156,3166800,0.0,0
2020-08-21,28.09905280010816,28.73503944817195,28.02678083821132,28.445955276489258,3112600,0.0,0
2020-08-24,28.67721908015185,29.33247840730639,28.657946314540933,29.274660110473633,3117300,0.0,0
2020-08-25,29.39029449350879,29.684197732516207,29.30356888731145,29.361385345458984,3233600,0.0,0
2020-08-26,29.399933412949924,30.10337286795574,29.303571415754774,29.90101432800293,3316600,0.0,0
2020-08-27,29.939556743114842,30.103371579951943,29.06266609826687,29.178300857543945,4144700,0.0,0
2020-08-28,29.27466193743242,29.36620666082132,28.865125751378745,29.197572708129883,3689900,0.0,0
2020-08-31,29.091574288730182,29.3517492721121,28.744671860284843,28.763944625854492,3572700,0.0,0
2020-09-01,28.580858873709612,29.25539100857094,28.108687114487562,29.197572708129883,2778500,0.0,0
2020-09-02,29.120480275230875,29.823921482925897,28.754306935815276,29.660106658935547,3445400,0.0,0
2020-09-03,29.39029617359071,29.57338377913477,27.906326238674332,28.26286506652832,5049400,0.0,0
2020-09-04,28.359226354939647,29.000030201463353,27.781056240950296,28.90848731994629,4277400,0.0,0
2020-09-08,28.282134290169964,29.149388455128864,28.1375922356688,28.494129180908203,4733300,0.0,0
2020-09-09,28.841032217822427,29.240931972022455,28.474857044532396,29.033754348754883,4782000,0.0,0
2020-09-10,28.81212728705403,28.91812566924594,27.540154052560144,28.07977867126465,9090300,0.0,0
2020-09-11,28.108686985955714,28.566405086950606,27.95450852805565,28.17613983154297,4547300,0.0,0
2020-09-14,28.330316746299886,28.368862277651438,27.78105579020496,28.089412689208984,4299400,0.0,0
2020-09-15,28.407405645100187,28.94703205011757,28.23491935675179,28.609766006469727,4052100,0.0,0
2020-09-16,29.062667467609028,29.424023580191655,28.450770896414852,29.14939308166504,4884300,0.0,0
2020-09-17,28.686857638176967,29.57820197882034,28.301411486492057,29.544475555419922,4735100,0.0,0
2020-09-18,29.39029490371823,30.06482699734506,29.39029490371823,29.66974449157715,8061000,0.0,0
2020-09-21,29.187936867305705,29.65047222259345,28.156865943959268,28.436315536499023,4516900,0.0,0
2020-09-22,28.436314933076282,29.22647994108013,28.417042167526898,29.159027099609375,4719700,0.0,0
2020-09-23,29.29393695029083,29.31320971858221,28.04123641858869,28.050872802734375,3348800,0.0,0
2020-09-24,28.06050939543856,28.879581836434113,27.74251606807671,28.792856216430664,4269300,0.0,0
2020-09-25,28.330315409648545,29.390293578428157,28.282135335684384,29.380657196044922,2845700,0.0,0
2020-09-28,29.63119934070515,30.411727979443473,29.32284243838641,29.621562957763672,7027600,0.0,0
2020-09-29,29.399931411545264,29.573382627098376,28.985576138379972,29.390295028686523,6851300,0.0,0
2020-09-30,29.496293479442794,30.103370897516747,29.24575303831561,29.42884063720703,5066600,0.0,0
2020-10-01,29.602290725415436,29.929920399522135,29.438475888362085,29.65047264099121,3730300,0.0,0
2020-10-02,29.236116875552725,30.373184333094066,29.159027649852572,30.093734741210938,2483100,0.0,0
2020-10-05,30.48881589258328,31.28861910072786,30.48881589258328,30.912809371948242,5088600,0.0,0
2020-10-06,31.163347735747394,31.21152781007294,30.3057299146789,30.36354637145996,2439400,0.0,0
2020-10-07,30.76826541197818,31.11516783045312,30.729719881946732,30.951351165771484,2209700,0.0,0
2020-10-08,31.134444808557156,31.285730336751143,30.47918357501727,30.78754234313965,2276400,0.0,0
2020-10-09,30.748993264059553,31.365707053323266,30.556269285938605,31.057350158691406,2700800,0.0,0
2020-10-12,31.40425297384244,31.95351392896555,31.028443233590224,31.799335479736328,3302600,0.0,0
2020-10-13,32.088420567289866,32.25223724216611,30.87426570297265,31.307893753051758,3534500,0.0,0
2020-10-14,31.490978458302866,31.847515431521096,31.250074402578946,31.32716178894043,3443600,0.0,0
2020-10-15,30.922446250978016,31.471707230799307,30.84535518494482,31.413888931274414,2691600,0.0,0
2020-10-16,31.722244090954273,32.05951197235903,31.240435982579605,31.568065643310547,3723000,0.0,0
2020-10-19,31.60661460146023,31.799338600888948,30.903175128064262,31.144079208374023,5529300,0.0,0
2020-10-20,31.269346123707674,32.57022651080403,31.172982299094283,32.020965576171875,3944800,0.0,0
2020-10-21,31.857154575335095,32.22332610399447,31.702976122240546,32.136600494384766,2909800,0.0,0
2020-10-22,31.94387798627888,32.88822140597278,31.94387798627888,32.656951904296875,3987700,0.0,0
2020-10-23,32.66658760574448,33.68801832996567,32.62804207912005,33.65911102294922,5072400,0.0,0
2020-10-26,33.19658294287109,33.19658294287109,32.05951539175738,32.48350524902344,5196800,0.0,0
2020-10-27,32.59914124021752,32.70513594560988,31.905336326932403,32.377506256103516,4032300,0.0,0
2020-10-28,31.731887651672764,32.53168733469996,31.568070955787103,32.08842468261719,6485900,0.0,0
2020-10-29,32.639004670599356,33.59528001904448,31.808298450491375,32.90946578979492,11949600,0.08,0
2020-10-30,32.81287342457696,33.69187574240201,31.8759135737419,32.252628326416016,6741100,0.0,0
2020-11-02,32.84185916397917,33.93336904439642,32.7162863177966,33.904388427734375,6313000,0.0,0
2020-11-03,34.242462797232655,35.74932195701482,34.223143617651246,35.691368103027344,6733100,0.0,0
2020-11-04,34.4163242515188,36.126032583081134,34.290751453899624,35.52714920043945,9039400,0.0,0
2020-11-05,36.23228966658779,36.99538066336409,36.106720528958775,36.89878845214844,5778100,0.0,0
2020-11-06,37.21754602738832,37.70051445726777,36.845661957674096,37.62324142456055,3443000,0.0,0
2020-11-09,39.35226756232807,39.89318982183008,37.36243639196367,37.47834777832031,7186400,0.0,0
2020-11-10,37.700512232095925,38.00961171419446,36.29990681591786,36.522071838378906,5588400,0.0,0
2020-11-11,37.17891056980462,37.41073334779695,36.599346255310564,36.76355743408203,4633000,0.0,0
2020-11-12,36.70559620926007,37.60874838986859,36.49791966226479,36.66695785522461,8192500,0.0,0
2020-11-13,36.9277640526324,37.29482107463431,36.84082959175712,36.985721588134766,5498900,0.0,0
2020-11-16,37.903370049841385,39.130106815008695,37.16925585575303,39.12044906616211,6135600,0.0,0
2020-11-17,40.038085611506816,40.067062539652085,38.50224577894059,38.98521423339844,6882700,0.0,0
2020-11-18,38.90793531657817,39.20737706795818,38.028932926453855,38.04825210571289,5997200,0.0,0
2020-11-19,37.67153868388561,37.94199983377594,37.19822798682071,37.79711151123047,8524800,0.0,0
2020-11-20,37.603921966793784,37.76812946305387,36.90844625379419,37.22720718383789,4338700,0.0,0
2020-11-23,37.67154020392739,37.806770784329096,37.09197952084668,37.44937515258789,6231700,0.0,0
2020-11-24,37.61357754659487,38.2172880446866,37.120951401444856,38.0289306640625,7022300,0.0,0
2020-11-25,37.729495016108096,37.903363945402894,37.207888228223695,37.294822692871094,4280300,0.0,0
2020-11-27,37.37209357177166,37.51698556608631,36.18399174656355,36.522071838378906,5923500,0.0,0
2020-11-30,36.46412052740019,37.16925407158701,36.1357018110214,36.77322006225586,21169200,0.0,0
2020-12-01,37.32380055350894,37.61358088133297,36.27092920410142,36.3192253112793,6595200,0.0,0
2020-12-02,35.92319272256007,36.01012719273648,35.31465511608208,35.57545852661133,5578000,0.0,0
2020-12-03,35.92319214601937,36.48343731922185,35.35328922506647,35.440223693847656,5411900,0.0,0
2020-12-04,36.000460380311914,36.67661679090677,35.79278384744541,36.41581344604492,5534700,0.0,0
2020-12-07,36.27092780115707,36.41581980184312,35.45954070377983,35.585113525390625,3825100,0.0,0
2020-12-08,35.39192744131566,36.29024905347381,35.362950513425666,36.02944564819336,4022800,0.0,0
2020-12-09,36.135691393004464,36.69593644138341,36.116372217051115,36.55104446411133,4134800,0.0,0
2020-12-10,36.38684540341057,37.15959795933094,35.99757290623509,36.26127624511719,4095700,0.0,0
2020-12-11,35.89421844482422,36.116383510624544,35.50784217444971,35.89421844482422,3102600,0.0,0
2020-12-14,36.22263759343638,36.27093370660952,35.27601977316545,35.37261199951172,6301200,0.0,0
2020-12-15,35.83625708866014,36.61866729484041,35.276015609415985,36.3868408203125,4832100,0.0,0
2020-12-16,36.44479734373875,36.724919917927,36.068082557299164,36.70560073852539,3990600,0.0,0
2020-12-17,37.10163326553257,37.54113628917224,36.94708352106999,37.38175582885742,4095200,0.0,0
2020-12-18,37.430054419669396,37.536308066937934,36.32888695662602,37.468692779541016,9683100,0.0,0
2020-12-21,36.705598167202375,37.401073837913536,36.63894829260067,37.2078857421875,2835900,0.0,0
2020-12-22,37.10130333894348,37.32416263850719,36.684652219154785,36.84937286376953,3303800,0.12,0
2020-12-23,36.936578879003356,37.207888904952476,36.62651344615138,36.975337982177734,2367600,0.0,0
2020-12-24,36.733097965278425,37.05285501190581,36.674959312363065,36.71371841430664,1395100,0.0,0
2020-12-28,36.92688604450527,38.20590670913143,36.57806155483067,36.58774948120117,3209700,0.0,0
2020-12-29,36.82030219546768,36.99471444893739,35.541281467537345,36.01606750488281,3748700,0.0,0
2020-12-30,36.15172205336121,36.62650806048309,36.09358340714852,36.55868148803711,3051000,0.0,0
2020-12-31,36.45210202618671,36.63620592241237,35.77383248994143,36.54899978637695,2096800,0.0,0
2021-01-04,37.15943373715435,37.18850490919677,35.831966030377316,35.88041305541992,4584200,0.0,0
2021-01-05,35.851348360801204,36.99471598260414,35.65755654932638,36.76216506958008,3701500,0.0,0
2021-01-06,37.13037109389679,39.010143262608054,37.13037109389679,38.806663513183594,6211500,0.0,0
2021-01-07,39.155490626551234,39.91127471481661,38.75821902935126,39.81438064575195,7771900,0.0,0
2021-01-08,39.920957584236014,40.066298655957574,38.75821052910856,39.426788330078125,6964100,0.0,0
2021-01-11,38.641939191160496,40.54399600016067,38.61286801810013,40.27947235107422,3761400,0.0,0
2021-01-12,40.26978254854761,40.637982891630884,39.775613288522166,40.44419479370117,4436100,0.0,0
2021-01-13,40.13412664907264,40.58953682171385,39.56244657195605,40.09537124633789,3948600,0.0,0
2021-01-14,40.11475791522611,40.29885812377059,39.46555582860921,39.533382415771484,3748900,0.0,0
2021-01-15,39.339586736363366,39.339586736363366,38.342532306288824,39.12641906738281,4501100,0.0,0
2021-01-19,39.436486802946824,39.7077931409712,38.95200908717665,39.116729736328125,3383000,0.0,0
2021-01-20,39.15548278671453,39.15548278671453,38.45783380106475,38.79697036743164,4654700,0.0,0
2021-01-21,39.14579699404121,39.14579699404121,37.99273778032156,38.50628662109375,4647200,0.0,0
2021-01-22,37.98305058357193,38.864799807107026,37.886152830491994,38.283424377441406,2585000,0.0,0
2021-01-25,37.76018879058249,37.84448594908419,36.04513748570681,37.68267059326172,9176800,0.0,0
2021-01-26,37.68267080165825,37.837703500886086,36.14203173596302,36.16141128540039,4945100,0.0,0
2021-01-27,35.46376760458572,35.63817987938464,33.14796469575434,35.105255126953125,8138300,0.0,0
2021-01-28,35.6672479541264,37.256334145186685,35.2903243801092,37.014095306396484,8108500,0.0,0
2021-01-29,36.71371948254422,37.59546874792356,36.59744586960175,37.30478286743164,16346400,0.0,0
2021-02-01,37.98304891919665,38.22528774687485,37.35322648872484,37.45981216430664,4731700,0.0,0
2021-02-02,37.90552732788374,38.176837304067625,37.23694955398196,37.285396575927734,2902000,0.0,0
2021-02-03,37.11098973810182,37.45981426088509,36.77767107376254,36.96564865112305,2987900,0.0,0
2021-02-04,37.178812011049395,37.33384470363017,36.68464645853286,37.14005661010742,3439000,0.0,0
2021-02-05,36.82030447811338,38.74852731266875,36.82030447811338,37.93460464477539,4409600,0.0,0
2021-02-08,38.30280496033538,38.87448878196447,38.118704768928914,38.467529296875,4544800,0.0,0
2021-02-09,35.94824498964493,37.09161269322863,35.802903892846636,36.093589782714844,12941200,0.0,0
2021-02-10,36.4908524765102,36.77185037001626,35.657550417848505,36.03544235229492,7926400,0.0,0
2021-02-11,36.142033368035335,36.31159981293056,35.49283506578753,36.04513931274414,11064800,0.0,0
2021-02-12,35.8513476482718,36.23893126351839,35.61879673986959,36.12265396118164,5472800,0.0,0
2021-02-16,36.29706992707519,36.36005439634421,35.633337815707925,36.24862289428711,4174600,0.0,0
2021-02-17,36.07420882782082,36.20889356827008,35.56066365248029,36.083900451660156,3844400,0.0,0
2021-02-18,35.93854981874604,36.074202960260614,35.23314978659939,35.512210845947266,3961800,0.0,0
2021-02-19,35.85135044744656,36.58775493838597,35.812591343641444,36.47148132324219,3225600,0.0,0
2021-02-22,36.24861829967779,36.694336858866826,36.11296514655688,36.142032623291016,3017600,0.0,0
2021-02-23,35.68662749440147,36.03544831728996,34.707980516061795,35.9482421875,4340100,0.0,0
2021-02-24,35.71569263400616,36.345511355681694,35.55581412381294,36.287376403808594,5952400,0.0,0
2021-02-25,35.91917614449957,36.112967962470904,34.82425551479235,35.01804733276367,4449900,0.0,0
2021-02-26,35.260285711399796,35.85134908501564,34.90177325550564,35.395938873291016,5375200,0.0,0
2021-03-01,35.618796598411826,36.39880594120114,35.58004119405811,36.04513931274414,4156800,0.0,0
2021-03-02,36.23892612005617,36.25830197142429,35.54127719013951,35.986995697021484,4431900,0.0,0
2021-03-03,35.7060024667025,36.411402568601815,35.49283480735972,35.967620849609375,7100100,0.0,0
2021-03-04,35.802903925740075,36.05483071151821,33.97157875198906,34.41729736328125,6859200,0.0,0
2021-03-05,34.99866971958467,35.89011065311266,33.67120179181315,35.793212890625,7047300,0.0,0
2021-03-08,35.64787027479893,36.61682568082486,35.17308049948675,35.909488677978516,4659800,0.0,0
2021-03-09,36.19048013217348,36.53930464271598,35.94824129943799,35.967620849609375,3643400,0.0,0
2021-03-10,36.44241564602114,37.886157219591546,36.31645040055985,37.57609176635742,6976500,0.0,0
2021-03-11,38.050882214287846,38.34156811957691,37.411371744143175,38.012123107910156,5156100,0.0,0
2021-03-12,37.7892590304695,38.390010318562005,37.7117408274788,38.36094284057617,2546200,0.0,0
2021-03-15,38.00242800467639,38.50628520364382,37.8861507074962,38.370628356933594,3634300,0.0,0
2021-03-16,38.39001058023847,38.41908175469382,37.12068141592019,37.37260818481445,5740800,0.0,0
2021-03-17,37.60516195220046,38.13808670487729,37.236957850091954,38.128395080566406,4066000,0.0,0
2021-03-18,38.17683830176247,40.30853689325229,38.17683830176247,39.72716522216797,10045200,0.0,0
2021-03-19,39.95003433257426,40.02755254583617,39.32118390626956,39.63996887207031,11066100,0.0,0
2021-03-22,39.358963657492055,40.39574554349689,38.61286762523481,40.12443923950195,10396900,0.0,0
2021-03-23,39.64965047197325,40.20195841262895,38.81150617842111,39.03921127319336,11248200,0.0,0
2021-03-24,39.24269201308439,39.95002898112569,38.884179565451696,38.89386749267578,8587400,0.0,0
2021-03-25,38.942318349493746,39.218470505918646,38.35125862766648,39.09735107421875,8091900,0.0,0
2021-03-26,39.552762223751216,39.86282768028428,38.59349837268698,39.81438064575195,5120300,0.0,0
2021-03-29,40.899600881566634,41.64569687977154,40.64961098482799,41.02556610107422,7698800,0.0,0
2021-03-30,40.76395064365398,41.587561199812754,40.49264433268804,41.04494857788086,3982200,0.0,0
2021-03-31,41.665074197757086,42.13017225687722,40.72518645746614,40.9092903137207,7297800,0.0,0
2021-04-01,40.91899109375672,41.083715453927134,40.56047858694625,40.715511322021484,4759900,0.0,0
2021-04-05,41.074013806614495,41.58755892319321,41.015878855316416,41.25811767578125,5731800,0.0,0
2021-04-06,41.316255587652996,41.95576597165433,40.986810620363144,41.480979919433594,6692600,0.0,0
2021-04-07,41.238742593110786,41.51004891860953,40.8317794085912,41.36470413208008,6117300,0.0,0
2021-04-08,41.258117927215636,41.66507737386654,40.744569111236196,41.20966720581055,5212400,0.0,0
2021-04-09,41.519734172340435,41.72321759963208,40.94805038308933,41.4228401184082,5578100,0.0,0
2021-04-12,41.47128431409873,41.66992191625126,41.16121892715852,41.27749252319336,5868600,0.0,0
2021-04-13,41.170912048587766,42.02359004558184,40.92867322520445,41.82011032104492,7778500,0.0,0
2021-04-14,41.79104614257813,42.42086491530809,41.72321956238061,41.791046142578125,4651100,0.0,0
2021-04-15,41.85887101303119,42.41117525566405,41.37439334782544,42.23676300048828,7090900,0.0,0
2021-04-16,42.51776123046875,42.905341147578476,42.09141851649539,42.51776123046875,5575700,0.0,0
2021-04-19,42.6340371349962,43.25901380473224,42.31428008227342,42.50807189941406,10654900,0.0,0
2021-04-20,42.22707568522496,42.314278117804776,40.70581239387305,41.199981689453125,6545400,0.0,0
2021-04-21,41.18060447092073,41.78620159549309,40.8899185903803,41.72322082519531,4288100,0.0,0
2021-04-22,41.89762595260123,42.35303239920488,41.519730306400795,41.752281188964844,6473400,0.0,0
2021-04-23,42.01390223655265,43.176649331299934,41.73290431353676,43.08944320678711,6615300,0.0,0
2021-04-26,43.42858325438887,43.75802825737206,42.653419628625976,42.730934143066406,4019400,0.0,0
2021-04-27,42.77937665467089,43.64174625368168,42.634031885643246,43.56422805786133,6740600,0.0,0
2021-04-28,43.544856492776674,43.91306059789085,43.08944994578272,43.108829498291016,6560200,0.0,0
2021-04-29,42.604968537121266,43.486717770494565,42.0429726518011,42.779380798339844,9151900,0.0,0
2021-04-30,42.439325044350745,42.60449462993703,41.76892495748105,42.342166900634766,7279100,0.12,0
2021-05-03,42.86682790596281,42.93483935075301,41.95352871424739,42.2255744934082,3928800,0.0,0
2021-05-04,41.934095891015,42.12841589103887,41.564888261604224,41.90494918823242,9900900,0.0,0
2021-05-05,42.23528600603044,42.536478441749594,41.92437553321668,42.04096603393555,6946100,0.0,0
2021-05-06,42.108976885943,42.93483212299507,41.93408928411042,42.90568542480469,6237900,0.0,0
2021-05-07,42.866825250659794,43.979303394883175,42.62392618964191,43.566375732421875,5266100,0.0,0
2021-05-10,43.614951582979316,44.35336674950517,43.614951582979316,44.120182037353516,5929800,0.0,0
2021-05-11,43.838423048204604,43.838423048204604,42.75995058605279,43.23603439331055,8457300,0.0,0
2021-05-12,42.98341725837393,43.17773353212036,41.185962075456715,41.22482681274414,7542300,0.0,0
2021-05-13,41.46772821518765,42.400459724960236,41.30255492551271,42.02153778076172,5084200,0.0,0
2021-05-14,42.37131258840269,42.827964006899016,42.215857338370284,42.40045928955078,4398200,0.0,0
2021-05-17,42.28386240746942,43.07085657699702,42.22556530761165,42.91539764404297,6998700,0.0,0
2021-05-18,43.017424671127095,43.21659997146518,42.30330084731311,42.419891357421875,6355800,0.0,0
2021-05-19,42.01181853409885,42.390740433967295,41.48715573135248,42.20613479614258,5250300,0.0,0
2021-05-20,42.322727720795,42.818240104170336,41.98266685981447,42.64335250854492,4046000,0.0,0
2021-05-21,42.91540803705307,43.44978898263359,42.62392987986561,42.63364791870117,5536500,0.0,0
2021-05-24,42.827956278767935,43.41091243461097,42.68221538663475,43.11943435668945,5125600,0.0,0
2021-05-25,43.38177188758528,43.89671668844558,43.245745306019856,43.44978332519531,7026800,0.0,0
2021-05-26,43.508076725235114,43.75097577565531,43.260322362375184,43.44978332519531,6345000,0.0,0
2021-05-27,43.78983699752422,44.18819125997716,43.56637033384038,44.02302169799805,12343700,0.0,0
2021-05-28,44.397086296372244,44.8197319608437,44.120181538641354,44.62541198730469,4197100,0.0,0
2021-06-01,45.28610226785066,45.75246802785041,45.25695556608367,45.519283294677734,6199300,0.0,0
2021-06-02,45.43184068246024,45.60187299751154,44.60598532226403,44.742008209228516,5729600,0.0,0
2021-06-03,44.431095123291016,44.86831416776641,43.857853199722285,44.431095123291016,4230800,0.0,0
2021-06-04,44.64485259568258,44.74201074721258,44.46024691889131,44.58655548095703,4016900,0.0,0
2021-06-07,44.86831475443346,45.0529167061388,44.567118585113185,44.75172424316406,2982400,0.0,0
2021-06-08,44.88774619926151,45.14035958619847,44.489391896481195,45.0432014465332,3174000,0.0,0
2021-06-09,44.9849012249725,45.20836789581012,44.68370878905211,44.87802505493164,4567000,0.0,0
2021-06-10,45.091780748048635,45.305533104025024,44.47967408724517,44.557403564453125,5163900,0.0,0
2021-06-11,44.85859218307447,44.96546835191454,44.36307978049659,44.79058074951172,4065700,0.0,0
2021-06-14,44.790584759092546,44.975190415012875,44.46121666121639,44.8974609375,3427700,0.0,0
2021-06-15,44.97518540019544,45.27637782611058,44.51853403658852,45.20836639404297,3962900,0.0,0
2021-06-16,45.40268807841565,45.79424121200264,45.15493002002247,45.57757568359375,6778600,0.0,0
2021-06-17,45.56786216678712,45.57757649776156,43.828704121085025,44.819732666015625,6200000,0.0,0
2021-06-18,44.13961238201069,44.55739901346803,43.74125811787056,43.77040481567383,7343600,0.0,0
2021-06-21,44.11046779769478,45.286098279126534,44.01330595645335,45.179222106933594,4158800,0.0,0
2021-06-22,45.27638065233554,45.3735424944579,44.70313875602217,44.80030059814453,4046100,0.0,0
2021-06-23,45.29710563765936,45.433483425661784,44.508057943624685,44.90745162963867,3100600,0.12,0
2021-06-24,45.05357196209138,45.189949747522185,44.76133331959452,45.024349212646484,3007300,0.0,0
2021-06-25,45.131505438250265,45.949772172403726,45.04383347158867,45.842620849609375,8003600,0.0,0
2021-06-28,45.84262340508793,46.6998563313251,45.46758074834494,46.64141082763672,6283700,0.0,0
2021-06-29,46.78753007674812,47.829850380226425,46.78753007674812,47.4499397277832,9447900,0.0,0
2021-06-30,47.20639947179263,47.7226915610591,47.001832801185664,47.342777252197266,4915700,0.0,0
2021-07-01,47.36225732133204,47.625273188020884,47.060279031294,47.488895416259766,3466300,0.0,0
2021-07-02,47.537606188413015,47.63502154698082,47.186918329600836,47.26485061645508,2702900,0.0,0
2021-07-06,47.352516883645116,47.36712825666823,46.38812538794838,46.92389678955078,4026400,0.0,0
2021-07-07,46.95312973230768,47.78601155372361,46.77778579979738,47.56683349609375,4355900,0.0,0
2021-07-08,46.57322120747229,47.167438209853046,46.30046190242779,46.807010650634766,3482300,0.0,0
2021-07-09,47.2940720929361,47.60092581914473,46.962867314752984,47.02131652832031,3932600,0.0,0
2021-07-12,47.245371704697625,47.99545330964261,46.73882294359128,47.93700408935547,7450400,0.0,0
2021-07-13,47.82011175817559,48.33153224223967,47.751922855769244,47.95648956298828,5600100,0.0,0
2021-07-14,48.122091168226504,48.43381290936995,47.63502548318784,47.73243713378906,3919800,0.0,0
2021-07-15,47.46942324616454,48.38997713293867,47.255113146465526,48.2779541015625,3872700,0.0,0
2021-07-16,48.27794632591589,48.52147913961721,47.73243148545923,47.81036376953125,3331200,0.0,0
2021-07-19,47.0602840847083,47.245367692542196,46.41735758021331,47.001834869384766,3722800,0.0,0
2021-07-20,47.225885358099276,48.7698825891798,47.067103708881135,48.609153747558594,5358600,0.0,0
2021-07-21,48.7260511953833,49.28130577469523,48.64811890269996,49.144927978515625,3963100,0.0,0
2021-07-22,49.193631054893274,49.695308083959816,48.93061515580657,49.49561309814453,6025400,0.0,0
2021-07-23,49.64172922546216,50.61586050719893,49.62224615390551,50.55741500854492,4494200,0.0,0
2021-07-26,50.46000064759503,50.74055242433391,49.93396885322163,50.1775016784668,2856100,0.0,0
2021-07-27,50.16776805406826,51.0542274962859,49.91449552029885,50.615867614746094,4072200,0.0,0
2021-07-28,50.52819295148188,50.94706973645444,50.19698813815511,50.23595428466797,5156200,0.0,0
2021-07-29,51.70202186979497,52.681024911828715,50.83017387025457,52.54464340209961,6166600,0.0,0
2021-07-30,52.81740468591494,54.07403134368386,52.564128445794836,53.82075881958008,6506800,0.0,0
2021-08-02,53.86946066709336,54.58057607703972,53.07262048306577,53.19731140136719,4010800,0.0,0
2021-08-03,53.56747865446481,55.76901362723536,53.557735261072,55.70082473754883,4994000,0.0,0
2021-08-04,55.1358367377957,56.40221055321421,55.077391231002906,55.564456939697266,4619100,0.0,0
2021-08-05,55.87617659895167,56.0466488473936,54.46368535354541,54.86307907104492,4508600,0.0,0
2021-08-06,55.05790948440651,55.35014817346692,54.41011118437796,54.921531677246094,4686200,0.0,0
2021-08-09,54.648770915697504,55.06667412527775,54.50752513056372,54.785152435302734,2423800,0.0,0
2021-08-10,54.9410097848049,56.012552786487745,54.804628273958095,55.14557647705078,3763200,0.0,0
2021-08-11,55.31117229732721,55.55178432623103,54.629283381437624,55.41832733154297,3039200,0.0,0
2021-08-12,54.882563510742315,55.10661328798831,54.229893537011435,54.53187561035156,3510400,0.0,0
2021-08-13,54.49290123031696,54.79488325803808,54.2980779515455,54.697471618652344,2316300,0.0,0
2021-08-16,54.541616729386774,55.35988722414718,54.1811854490166,55.135833740234375,2081400,0.0,0
2021-08-17,54.50264719541034,54.68773080538218,52.96351795158883,53.72334289550781,3597000,0.0,0
2021-08-18,53.72334138431049,54.54161180519481,53.616186349335074,53.742820739746094,2632300,0.0,0
2021-08-19,52.89533326409444,54.53187428204352,52.82714436468125,53.82075881958008,4225200,0.0,0
2021-08-20,54.035067953907046,54.161702355704016,53.294726036247226,53.937652587890625,2621200,0.0,0
2021-08-23,54.41497661378407,54.712086966308156,53.91816755519594,54.4344596862793,3493300,0.0,0
2021-08-24,54.337045670531964,55.21863707171467,54.29808324059194,55.14557647705078,2546500,0.0,0
2021-08-25,54.99945114085,56.53858034592724,54.97022839159428,56.246341705322266,3900200,0.0,0
2021-08-26,56.158668657267214,56.47525834413415,55.67647100776223,55.895652770996094,3601000,0.0,0
2021-08-27,56.11970042524281,56.90874433865828,56.11970042524281,56.81133270263672,3722600,0.0,0
2021-08-30,57.00616509149362,57.36659263813936,56.51909943320952,56.528839111328125,3709300,0.0,0
2021-08-31,56.4996164772144,56.50935615535305,55.467035941761594,56.109962463378906,4837900,0.0,0
2021-09-01,56.40220707862491,56.47039597636011,55.27221485270643,56.39246368408203,3007500,0.0,0
2021-09-02,56.645741568654365,56.78211936809888,55.9833319290527,56.421688079833984,3333300,0.0,0
2021-09-03,56.18789306076533,56.36323699011018,55.76901630910995,55.92487716674805,3048700,0.0,0
2021-09-07,54.86307479104978,55.51574469761785,54.639998633058084,54.765663146972656,4744800,0.0,0
2021-09-08,54.629284501432586,55.47677768285322,54.34678553562039,55.194278717041016,2650800,0.0,0
2021-09-09,55.340406356005914,55.91027233505919,54.95075230830212,55.262474060058594,2202000,0.0,0
2021-09-10,55.68134551268374,55.74953440708008,54.941007352373795,54.97023010253906,2345300,0.0,0
2021-09-13,55.467035034694035,55.60341653851743,53.75256557709041,54.29808044433594,4235500,0.0,0
2021-09-14,54.5513497596595,54.58544420461865,53.17782485185156,53.557735443115234,6193900,0.0,0
2021-09-15,53.63566936851509,54.45393978860196,53.411619621064816,54.31755828857422,3148900,0.0,0
2021-09-16,54.22988976101181,54.41497709333962,53.27524149642889,53.64541244506836,6828000,0.0,0
2021-09-17,53.35317496485395,53.65515702383339,53.15834794989999,53.57722473144531,15945100,0.0,0
2021-09-20,52.5543877514018,53.187570907433,51.687411433317564,52.42774963378906,6439800,0.0,0
2021-09-21,52.710247848057975,52.75895367226695,50.33336498009169,50.352848052978516,8805600,0.0,0
2021-09-22,50.82043137703514,51.74585691423277,50.742502800395634,51.22956848144531,7154300,0.0,0
2021-09-23,51.60947604911808,52.773562660322504,51.60947604911808,52.106285095214844,4273700,0.0,0
2021-09-24,51.5218036718231,52.077058213487554,51.44387510043973,51.745853424072266,2135700,0.0,0
2021-09-27,51.71663456434913,51.76534038962931,50.92271883583504,51.0152587890625,2297800,0.0,0
2021-09-28,50.43078398299215,50.83017771594699,49.98268442231433,50.615867614746094,5489800,0.0,0
2021-09-29,50.917847228619905,51.69715158253083,50.84965832990371,51.48284149169922,4735200,0.0,0
2021-09-30,51.76534195251289,52.291373799859656,50.39181682845169,50.42103958129883,7036700,0.0,0
2021-10-01,50.51844708488828,51.385423300514525,49.80246002348446,51.10292434692383,3618500,0.0,0
2021-10-04,50.71327956003678,51.16137909044116,50.226213883679975,50.976295471191406,3638300,0.0,0
2021-10-05,51.258790084689394,52.04296611089059,50.93732867472766,51.453617095947266,3524600,0.0,0
2021-10-06,50.78146376550517,51.346457965548154,50.274915062974586,51.249046325683594,2767500,0.0,0
2021-10-07,51.86275452660204,52.58360964209711,51.86275452660204,51.969905853271484,2225300,0.0,0
2021-10-08,51.570514434488835,51.833530355637635,50.128800423611835,50.16776657104492,3108600,0.0,0
2021-10-11,50.031383704795026,50.60612131517704,49.7790848003442,49.92422866821289,2566700,0.0,0
2021-10-12,49.95832208149664,50.10931123936719,48.78449583234269,48.998802185058594,6017700,0.0,0
2021-10-13,49.35922961909906,49.65147197262691,48.63837456097062,49.41767883300781,4474800,0.0,0
2021-10-14,50.04112384044565,51.677664721724646,49.96319526877408,51.63869857788086,5567200,0.0,0
2021-10-15,52.18421791753749,52.52516241536068,51.687412546992775,52.0478401184082,3602200,0.0,0
2021-10-18,51.60947542753105,52.622572863512126,51.54128653434155,52.5836067199707,2449600,0.0,0
2021-10-19,52.99274455690332,53.08041652312383,52.008869856426955,52.57386779785156,3360600,0.0,0
2021-10-20,52.81740085789191,53.16808872432383,52.33033520251782,52.62257385253906,3884100,0.0,0
2021-10-21,52.3985255752247,52.93429706804786,52.14524934631591,52.91481399536133,2397900,0.0,0
2021-10-22,53.35317249511994,53.67463389629963,52.98300155544437,53.24601745605469,3510600,0.0,0
2021-10-25,52.71998985734008,53.90843134386639,51.96990824010761,53.18757247924805,3312900,0.0,0
2021-10-26,53.2849811517897,53.46032507747217,52.29136681159434,52.34007263183594,2314700,0.0,0
2021-10-27,52.27188621413951,52.895329661175516,51.71663166187207,51.784820556640625,2673400,0.0,0
2021-10-28,51.9507954799468,53.21515150993916,51.384522996485096,53.13216018676758,3441300,0.12,0
2021-10-29,52.292519577828266,52.80021437657498,50.808489487127936,50.99399185180664,3955800,0.0,0
2021-11-01,51.111146365620556,51.4235733324943,50.6327442020303,50.93540573120117,2945900,0.0,0
2021-11-02,51.247835831332786,51.77505400408602,50.64250533112733,51.15996551513672,4231000,0.0,0
2021-11-03,50.720615670839756,51.257599299569634,49.9688371008486,50.740142822265625,3105700,0.0,0
2021-11-04,50.691325245826484,51.765296273564246,50.691325245826484,51.71648025512695,2486300,0.0,0
2021-11-05,51.95080000177924,52.18023939134376,51.17949422711405,51.540740966796875,2466600,0.0,0
2021-11-08,51.72623936793838,52.15582552277723,51.130674289451,52.077720642089844,2144800,0.0,0
2021-11-09,52.30227830675922,53.56175165535444,52.23393513817715,53.512935638427734,3504300,0.0,0
2021-11-10,53.63985789737,53.75702081027231,53.12240140086686,53.337196350097656,2901800,0.0,0
2021-11-11,53.49340803797064,53.58127835747084,52.634231994460166,53.210269927978516,2315300,0.0,0
2021-11-12,53.60080472418674,54.830985454754995,53.38600978534812,54.79193115234375,2842500,0.0,0
2021-11-15,54.73335536982836,54.996966333845144,54.186606289894655,54.381874084472656,2956800,0.0,0
2021-11-16,54.20613338730376,55.28986610791997,54.18660623542325,54.928619384765625,3179900,0.0,0
2021-11-17,55.16293957640409,55.201993878815344,54.59666336471076,54.79193115234375,2507500,0.0,0
2021-11-18,55.21175647378761,55.70968952642352,54.87004063329106,55.67063522338867,3626600,0.0,0
2021-11-19,55.61693828146408,56.598156261424556,55.58276669631239,55.79756164550781,5009400,0.0,0
2021-11-22,56.01235034170183,56.236906994621904,55.06530771406905,55.075069427490234,4717900,0.0,0
2021-11-23,54.96767774933666,55.270343039209266,53.229802072240794,53.57151794433594,5108900,0.0,0
2021-11-24,53.288379465914424,54.50879852230393,53.06381908204617,54.372108459472656,3618700,0.0,0
2021-11-26,53.52269371311622,54.3428154047655,53.32742593426199,54.06944274902344,2927600,0.0,0
2021-11-29,54.83099120417141,54.870045510677784,53.717969539705464,54.655250549316406,3250400,0.0,0
2021-11-30,54.5478506432513,54.71382957631156,52.39015058443246,52.839263916015625,10100100,0.0,0
2021-12-01,53.49341884064647,54.577151758527876,52.28276127465014,52.33157730102539,4355300,0.0,0
2021-12-02,52.67328871570557,54.381875443211335,52.67328871570557,54.20613479614258,2869100,0.0,0
2021-12-03,54.53808563551715,54.8456298870534,53.66914789119479,54.79193115234375,3031200,0.0,0
2021-12-06,55.03601892185992,55.16782627089056,54.33306004991616,54.528324127197266,3194500,0.0,0
2021-12-07,54.811457794392396,56.32477661674974,54.450214811502164,55.299625396728516,3700200,0.0,0
2021-12-08,55.26057215987749,55.33379804652405,54.645483650662314,55.1043586730957,2563200,0.0,0
2021-12-09,55.37773664614497,55.675519195748535,54.59666546555787,54.66501235961914,2174700,0.0,0
2021-12-10,53.757021279406814,54.51856159780051,53.259088206285185,54.19636917114258,2536000,0.0,0
2021-12-13,54.49903034948909,54.71382528445101,53.59103831914322,53.63009262084961,4287700,0.0,0
2021-12-14,52.8783181016392,53.48364492651448,51.650088897454765,52.282752990722656,3663500,0.0,0
2021-12-15,52.37062331404516,52.39991218034483,50.85242167045413,52.282752990722656,5989600,0.0,0
2021-12-16,52.7416322933017,53.37624799089751,52.07772400468635,52.59518051147461,3802500,0.0,0
2021-12-17,52.2827506183806,52.41943695414153,50.749904611192974,51.023277282714844,7534500,0.0,0
2021-12-20,50.67180042412681,50.80848676176068,49.16824326130738,49.70522689819336,3492000,0.0,0
2021-12-21,50.2861489483737,50.92564735617231,49.94931208958587,50.896358489990234,2162000,0.0,0
2021-12-22,50.788651460292634,51.55239313563978,50.57324039790814,51.42510223388672,2282800,0.15,0
2021-12-23,51.444687600885004,52.076241587825905,51.41531047777215,51.718849182128906,1938300,0.0,0
2021-12-27,52.169255248754624,52.47279393383747,51.826553293960416,52.41404342651367,1698700,0.0,0
2021-12-28,52.33571221625547,52.64904077937164,52.13009104705507,52.36508560180664,2485500,0.0,0
2021-12-29,52.32591825892792,52.74206113912177,52.032173199804255,52.619667053222656,3183200,0.0,0
2021-12-30,52.70288890922695,53.11902801298578,52.38466357040994,52.43362045288086,1426200,0.0,0
2021-12-31,52.42383388219197,53.422570035408114,52.24758610602613,53.1092414855957,2228900,0.0,0
2022-01-03,52.04196950450561,52.48258524834783,51.13135715960147,51.42510223388672,4505100,0.0,0
2022-01-04,53.10924412341128,53.50090296254412,52.10071430188846,52.697998046875,5460300,0.0,0
2022-01-05,52.482582296519915,53.28548719748762,51.219478174618224,51.27822494506836,3484300,0.0,0
2022-01-06,51.35656065375312,52.39446014124398,51.35656065375312,52.38467025756836,3089800,0.0,0
2022-01-07,52.21821654547323,52.70779290730139,50.74948745998877,50.75927734375,4117000,0.0,0
2022-01-10,50.16199430161274,51.405518726649376,49.29054896273123,51.229270935058594,3902300,0.0,0
2022-01-11,51.4250995729893,51.606244164758316,50.80823233428907,51.44468307495117,2715200,0.0,0
2022-01-12,52.08112967493071,52.29654445966298,51.36634866715758,51.89509201049805,2308300,0.0,0
2022-01-13,51.895088153487045,52.208416688807645,50.98447593047069,51.11176681518555,2669100,0.0,0
2022-01-14,50.406777535944094,50.406777535944094,49.114296347984315,50.034698486328125,3246700,0.0,0
2022-01-18,49.15346625149239,49.31992041748989,48.18410343571802,48.614933013916016,4107400,0.0,0
2022-01-19,48.82055457860284,49.24159054151239,47.71411097361929,47.77286148071289,3717300,0.0,0
2022-01-20,48.16451482892466,49.14366742444379,46.994427776092955,47.0286979675293,3871600,0.0,0
2022-01-21,47.25390665040296,47.84140049897196,46.490168755951416,46.803497314453125,3876000,0.0,0
2022-01-24,44.659153938933194,46.81329056298719,44.365408884555606,46.66641616821289,8927300,0.0,0
2022-01-25,46.078928891915496,46.568505257695925,45.14873304989843,46.225799560546875,4603400,0.0,0
2022-01-26,46.82308294283721,47.30286942086732,45.11935929550188,45.69705581665039,4684400,0.0,0
2022-01-27,46.000591852017095,46.51954157032402,44.98227218179472,45.129146575927734,4483600,0.0,0
2022-01-28,45.23685550167857,45.736221735364936,44.52207447866771,45.48164367675781,10734800,0.0,0
2022-01-31,45.47184983798255,46.74475133037089,45.31518555609691,46.68600082397461,8647500,0.0,0
2022-02-01,46.9993295699851,47.06786996012764,45.41310324284601,46.06913375854492,4645400,0.0,0
2022-02-02,46.264964637971886,47.14620355371598,46.20621413186525,46.5195426940918,5972800,0.0,0
2022-02-03,45.834136760139714,46.35308646790154,45.20747592838751,45.27602005004883,6651800,0.0,0
2022-02-04,45.011652167765426,45.51101841630619,43.9052085376465,44.884361267089844,6896800,0.0,0
2022-02-07,44.69831676543908,45.15851593806507,44.40456800333954,44.7668571472168,7355300,0.0,0
2022-02-08,44.59061356943478,45.971218687241844,44.306658398176694,45.09977340698242,7924900,0.0,0
2022-02-09,46.00059503731814,47.07766528680942,45.86351425205974,46.9797477722168,6087400,0.0,0
2022-02-10,46.23559361569835,47.18536923435515,45.780287441820796,46.16705322265625,5086100,0.0,0
2022-02-11,46.05934096555159,46.235588739119514,44.05207880566237,44.55144500732422,5862900,0.0,0
2022-02-14,44.57103179278419,44.82560985382528,43.36667440810022,43.85625076293945,6410400,0.0,0
2022-02-15,44.6101964703873,44.90394152093251,44.394781690241025,44.796234130859375,4648300,0.0,0
2022-02-16,44.512280892437126,44.95290035493539,44.06187154640385,44.69832229614258,4210100,0.0,0
2022-02-17,44.21853373362623,44.55144578560684,43.53312612835194,43.65062713623047,4202400,0.0,0
2022-02-18,43.80729333487806,43.944374114917125,43.043551690820124,43.16105270385742,4938700,0.0,0
2022-02-22,43.072923769746374,44.69831690812337,42.79875850658967,44.345821380615234,7327500,0.0,0
2022-02-23,44.80602736023172,44.8354044820999,42.83793201294109,42.926055908203125,4994500,0.0,0
2022-02-24,41.858777575074285,43.88562334831683,41.56503251456412,43.777915954589844,5037300,0.0,0
2022-02-25,43.75344239645546,44.512283543853044,43.21001231619953,44.287078857421875,4237800,0.0,0
2022-02-28,43.53312423047121,44.159781304486344,43.3079195779452,43.94437026977539,4992600,0.0,0
2022-03-01,44.218534092473575,44.218534092473575,42.57355732053414,42.808555603027344,6459900,0.0,0
2022-03-02,43.219799232269914,44.23811892850919,43.11698864781851,43.97374725341797,7515000,0.0,0
2022-03-03,44.43394664251244,44.95289633236647,44.042284103079076,44.92352294921875,6534900,0.0,0
2022-03-04,44.24791207018748,44.68853156111824,43.40094702083798,44.06187438964844,9055000,0.0,0
2022-03-07,44.061869795933866,44.105929872847724,42.56376741812683,42.61272430419922,7210800,0.0,0
2022-03-08,42.495230479184016,43.49396298865766,41.9566934831711,42.671478271484375,6755900,0.0,0
2022-03-09,43.513548865488815,44.19895656902864,43.21490696419769,43.660423278808594,4529000,0.0,0
2022-03-10,43.014176196667215,43.25896435907248,42.65189076215528,42.89667892456055,3615800,0.0,0
2022-03-11,43.356880649046275,43.396047653747786,42.28960404954259,42.3189811706543,3770900,0.0,0
2022-03-14,42.642099020234575,43.18063225418768,41.94200469554421,42.01544189453125,6058800,0.0,0
2022-03-15,42.59314524231725,44.384996593669406,42.509918153802126,44.25770568847656,5998100,0.0,0
2022-03-16,44.61019447591189,46.11808666400661,44.57102747487805,45.90267562866211,5944300,0.0,0
2022-03-17,45.24664739162035,46.13767623901367,45.18790061750579,46.13767623901367,3766500,0.0,0
2022-03-18,46.17684282366193,46.83287709826557,45.66768295334647,46.78391647338867,6620000,0.0,0
2022-03-21,46.29434203767861,46.930792835922446,46.000596952016615,46.49017333984375,3467800,0.0,0
2022-03-22,46.59787944850184,46.93568834197452,46.03584448598827,46.49996566772461,3376000,0.0,0
2022-03-23,45.88309439744054,46.304130341450964,45.481641954915595,45.5501823425293,2633700,0.0,0
2022-03-24,45.716637412829414,45.75580441658038,45.07039679162276,45.20747756958008,2676500,0.0,0
2022-03-25,45.22706223554571,45.471850412533186,44.59061521648095,45.42289352416992,3624000,0.0,0
2022-03-28,45.47184473128495,45.93204764177848,45.04101893827593,45.9124641418457,2417200,0.0,0
2022-03-29,46.734953949963426,47.46931841253703,46.19642075777695,47.077659606933594,3024300,0.0,0
2022-03-30,46.88182768361355,47.214739718083884,46.37266788176653,46.57828903198242,2737400,0.0,0
2022-03-31,46.30413324739491,46.53912780962647,44.874571165777375,44.913734436035156,4390200,0.0,0
2022-04-01,45.33477063213124,45.442478030011515,44.69832359901244,45.08019256591797,2540800,0.0,0
2022-04-04,44.561241593761814,44.76686651730468,43.748546724648925,44.306663513183594,4753300,0.0,0
2022-04-05,44.10103798362257,44.23322195308622,43.415630354682776,43.6114616394043,3144300,0.0,0
2022-04-06,43.053341474675136,43.12188185858968,42.407100901215976,42.96521759033203,4214100,0.0,0
2022-04-07,42.426690580544516,43.0925110162296,42.18190239229352,42.77918243408203,4199500,0.0,0
2022-04-08,42.926052482162746,43.48416919588718,42.26022837891764,42.475643157958984,3311700,0.0,0
2022-04-11,41.91752598357085,42.35814168470086,41.42305285310143,41.55523681640625,4399000,0.0,0
2022-04-12,41.770655856194125,42.29939923371879,40.655400941967656,40.909000396728516,4808300,0.0,0
2022-04-13,40.928585620935515,41.7119071010394,40.78171494444997,41.23212432861328,3202400,0.0,0
2022-04-14,41.241910564804556,41.44753546996948,40.40963226616041,40.4194221496582,2618300,0.0,0
2022-04-18,40.46837766222913,40.90899333223939,40.10608852065225,40.4292106628418,3323000,0.0,0
2022-04-19,40.58588117018739,41.66294767287327,40.48796365665245,41.613990783691406,4335700,0.0,0
2022-04-20,41.9664891578817,42.828144658536615,41.9664891578817,42.544189453125,3667400,0.0,0
2022-04-21,42.95542816728568,43.74854320382416,41.68253039649284,41.92731857299805,3841000,0.0,0
2022-04-22,41.57482785870596,41.662951761950865,40.74254945541531,40.80129623413086,4065400,0.0,0
2022-04-25,40.53692014592011,41.14399372722561,39.92984282944377,41.085243225097656,3254000,0.0,0
2022-04-26,40.732746982505404,40.908994750688855,39.097563920678766,39.21506118774414,5155000,0.0,0
2022-04-27,39.254234452178046,40.07672292321942,39.166110554024634,39.42068862915039,4349400,0.0,0
2022-04-28,35.65650546486418,38.973504086501094,35.60736549437152,38.73271560668945,15034800,0.15,0
2022-04-29,38.8801360672126,38.90961929725364,37.44522430260947,37.6123046875,8408100,0.0,0
2022-05-02,37.87767140836782,38.369078654197786,36.97937752332096,37.93663787841797,7172200,0.0,0
2022-05-03,37.946463880619135,38.113540525935875,37.38625998293227,37.72041702270508,9902700,0.0,0
2022-05-04,37.82852815237832,38.89488088354072,36.668806852882255,38.73271560668945,7947300,0.0,0
2022-05-05,38.29044681262422,38.75237076452631,36.92433544328064,37.30763244628906,5054100,0.0,0
2022-05-06,37.13072967529297,37.34695005957309,36.43293229765763,37.13072967529297,4821000,0.0,0
2022-05-09,36.58035518321193,38.12337357629728,36.38379154255388,37.47471618652344,6091700,0.0,0
2022-05-10,37.94646200497079,38.23147906139411,36.575435560250824,37.43539810180664,5792700,0.0,0
2022-05-11,37.415746929643674,38.09388757071794,36.88502621099093,36.94399642944336,4809700,0.0,0
2022-05-12,36.86536824529391,38.46735684313916,36.639321372454575,38.428043365478516,7032900,0.0,0
2022-05-13,38.90962615490675,39.73519048381023,38.90962615490675,39.49931335449219,5070700,0.0,0
2022-05-16,39.24378068878911,39.582852868582776,38.585293067798155,39.174983978271484,5684800,0.0,0
2022-05-17,39.92191600934306,40.03002618272823,38.64425816299084,39.489479064941406,6868800,0.0,0
2022-05-18,38.08406041639013,38.80151452401505,36.560698749562455,36.71794891357422,7059600,0.0,0
2022-05-19,36.46241600279929,37.35677703685619,36.275682599781604,36.76708984375,4142300,0.0,0
2022-05-20,37.30763244628906,37.57299277509627,36.34447481717733,37.30763244628906,5539600,0.0,0
2022-05-23,37.85800826887969,37.9169784781009,37.01278734907129,37.6123046875,3170200,0.0,0
2022-05-24,37.39608931604247,37.59265295714961,36.364134886654526,37.28797912597656,3252900,0.0,0
2022-05-25,37.032448231655955,37.8039574136013,36.92433804388254,37.63196563720703,3608400,0.0,0
2022-05-26,38.03492053352792,38.786772999157314,38.03492053352792,38.65409469604492,3907900,0.0,0
2022-05-27,39.07670360114859,39.67130968401128,39.06687710558633,39.53862762451172,3359700,0.0,0
2022-05-31,39.09635394498793,39.302747809426506,38.1331963244518,38.63443374633789,14520500,0.0,0
2022-06-01,38.59512064078441,38.73271405229784,37.84817962236968,38.270790100097656,2855700,0.0,0
2022-06-02,38.58529353826384,39.410857823680864,38.339589926522336,39.391204833984375,3231700,0.0,0
2022-06-03,38.96859240599179,39.20938088390117,38.7720287764346,38.90962219238281,3212600,0.0,0
2022-06-06,39.08652868492295,39.455084080651766,38.860481825439344,38.88996505737305,2514800,0.0,0
2022-06-07,38.56564257453913,39.32240643921525,38.467358875195636,39.30275344848633,2806200,0.0,0
2022-06-08,39.066872254221735,39.13566896203387,38.48701161041991,38.71305847167969,2830000,0.0,0
2022-06-09,38.51649576734117,38.919449529546625,38.17251222002169,38.18233871459961,2070500,0.0,0
2022-06-10,37.612313428336606,37.612313428336606,36.383795235939175,36.69829559326172,3462600,0.0,0
2022-06-13,35.794099321770915,36.42310369888083,35.43045903668915,35.86289978027344,4587300,0.0,0
2022-06-14,35.784273533876245,36.197057547345686,35.15527289348428,35.322349548339844,3892400,0.0,0
2022-06-15,35.705651212624744,36.5361268837993,35.28304069393205,36.13808822631836,4040300,0.0,0
2022-06-16,35.25355319108531,35.371493624195985,33.76950502460205,33.98572540283203,4515200,0.0,0
2022-06-17,34.0545225977255,34.575413062704335,33.65156881839214,33.81864547729492,10802500,0.0,0
2022-06-21,34.133142189605884,34.5557526633057,33.74984519000355,34.408329010009766,4685400,0.0,0
2022-06-22,33.92468471359012,34.62548847409677,33.67792383369583,34.32937240600586,6304800,0.15,0
2022-06-23,34.22079649093312,34.52678133280149,34.02339080226672,34.36885452270508,6798300,0.0,0
2022-06-24,34.70444861669016,35.92838418898021,34.51197543925369,35.82967758178711,15472900,0.0,0
2022-06-27,35.87902391323342,36.05669201570635,35.119003854653286,35.64213562011719,3897700,0.0,0
2022-06-28,35.76058522871238,36.50086784699582,35.444731612799885,35.52369689941406,5341300,0.0,0
2022-06-29,35.45459925464533,35.50395443983337,34.842633364087824,35.32628631591797,5743200,0.0,0
2022-06-30,35.059782055599385,35.87902612049383,34.86237262234364,35.197967529296875,6442300,0.0,0
2022-07-01,35.30654218080599,35.790191328815126,34.92159586476191,35.53356170654297,4214200,0.0,0
2022-07-05,34.951205039915656,35.622394822344894,34.556386191920254,35.60265350341797,4414400,0.0,0
2022-07-06,35.82967156044677,35.93824692747656,35.30653980869022,35.71122741699219,3850700,0.0,0
2022-07-07,35.79019362852433,35.9678617496949,35.336154547875964,35.928382873535156,3673600,0.0,0
2022-07-08,35.93824839463259,36.03201871821761,35.47433681302872,35.60265350341797,3346800,0.0,0
2022-07-11,35.44472817986118,36.35281006161296,35.24731874771759,36.05669403076172,4201200,0.0,0
2022-07-12,36.06656815240494,36.70814412837264,35.46545755361662,35.66188049316406,3343000,0.0,0
2022-07-13,35.05978491342704,35.50888773955159,34.743931300580385,35.26706314086914,2347700,0.0,0
2022-07-14,34.546519702091544,35.227578306434914,34.24053488637516,35.148616790771484,3508500,0.0,0
2022-07-15,35.65200585795537,35.780322551727295,35.104196480424434,35.53356170654297,3424000,0.0,0
2022-07-18,35.6322628821411,35.859286162596575,34.931463018059524,35.08938980102539,2593600,0.0,0
2022-07-19,35.53356502719858,36.81672078901523,35.4644722853119,36.68840408325195,2676000,0.0,0
2022-07-20,36.66866360432078,37.043737383158785,36.486059220877614,36.90555191040039,2579600,0.0,0
2022-07-21,36.91542042854179,37.818562174262496,36.737752335714795,37.774147033691406,2799800,0.0,0
2022-07-22,37.90246827761845,38.139356586388196,37.5718058751667,38.00117111206055,4294200,0.0,0
2022-07-25,37.87285420525154,38.10974627798067,37.461257288167985,37.73466873168945,4092700,0.0,0
2022-07-26,37.40894444238395,37.75934437953231,36.688399483998246,37.59648132324219,5430700,0.0,0
2022-07-27,37.82350431529506,39.14614267535616,37.537260814062215,39.0276985168457,5451500,0.0,0
2022-07-28,39.38303169758269,39.540958485082996,37.66063831781213,38.96847152709961,6629800,0.0,0
2022-07-29,39.21523359156967,40.09863788102737,38.761194533997404,40.00486755371094,4777300,0.0,0
2022-08-01,39.62979325767438,40.50332499323717,39.62979325767438,40.044349670410156,3997200,0.0,0
2022-08-02,39.88642501831055,40.60696627331565,39.68408307227695,39.88642501831055,6508800,0.0,0
2022-08-03,39.98512696437679,40.34046319514895,39.3830336458704,40.23188781738281,4707600,0.0,0
2022-08-04,40.27137167388404,41.356131452552994,40.26150289618532,41.268287658691406,5381700,0.0,0
2022-08-05,41.011653319859,41.38673087347824,40.745151144808894,41.337379455566406,5573900,0.0,0
2022-08-08,41.682842305413196,42.11714004565745,41.36698871882252,41.39659881591797,4136400,0.0,0
2022-08-09,41.12022646032005,41.357118524783765,40.94255835329017,41.218929290771484,4719000,0.0,0
2022-08-10,42.08753291722789,42.625473565793655,41.97895753319047,42.304683685302734,3437600,0.0,0
2022-08-11,42.50209056022339,43.34107595202495,42.46260792018591,42.492218017578125,4107100,0.0,0
2022-08-12,42.69949540361252,43.429909169084866,42.492217195334376,43.400299072265625,3566700,0.0,0
2022-08-15,43.19301880615493,43.92836887192311,42.956130491693244,43.834598541259766,3302900,0.0,0
2022-08-16,43.48913510725914,44.02213570062188,43.390428504583156,43.814857482910156,2430500,0.0,0
2022-08-17,43.29172536162615,43.883949912414565,43.2127600800427,43.5582275390625,2406100,0.0,0
2022-08-18,43.65693188654496,43.829663739396416,43.42004356414068,43.72602462768555,2071500,0.0,0
2022-08-19,43.42991001067989,43.50887529075705,41.77661305310041,41.929603576660156,6053700,0.0,0
2022-08-22,41.347247869729884,41.38673050982116,40.86359870706307,41.080745697021484,5642700,0.0,0
2022-08-23,41.080744018866575,41.31763608446534,40.656315068402854,40.92281723022461,4899500,0.0,0
2022-08-24,40.91294580831932,41.228799365184095,40.78956539500429,41.12022399902344,3066400,0.0,0
2022-08-25,41.45582596187102,41.70752310234427,41.06100706564914,41.44595718383789,3447200,0.0,0
2022-08-26,41.62361822077736,41.69271472257855,39.67420901890615,39.7186279296875,2669400,0.0,0
2022-08-29,39.3238081168004,39.75317333939891,39.21523274336595,39.22510528564453,3837700,0.0,0
2022-08-30,39.294196100686925,39.57056702663786,38.71184038866784,38.80067443847656,6094000,0.0,0
2022-08-31,39.05731042781936,39.09185679920788,38.45521329910049,38.61314010620117,7306700,0.0,0
2022-09-01,38.52430470717457,39.30406993752518,38.462121240829624,39.27445983886719,7003700,0.0,0
2022-09-02,40.17266821710003,40.26150227610806,38.845093603388925,39.06718063354492,3601700,0.0,0
2022-09-06,39.22510917107711,39.787723647992834,38.662490928889355,39.77785110473633,4183600,0.0,0
2022-09-07,39.9061669716878,40.986980753971814,39.827201688383056,40.962303161621094,3202500,0.0,0
2022-09-08,40.60696622861803,41.61375098204722,40.518132169042744,41.57426834106445,3962300,0.0,0
2022-09-09,41.722329504177516,42.107275869569655,41.38673456109449,41.62362289428711,3459300,0.0,0
2022-09-12,41.929602316326,42.20597325774519,41.41633930706772,41.7420654296875,3346000,0.0,0
2022-09-13,40.68592906511897,41.24854348685532,40.28124143254946,40.35033416748047,3458100,0.0,0
2022-09-14,40.291108062952944,40.3898108889467,39.244840787170425,39.659400939941406,4451900,0.0,0
2022-09-15,39.48173373829554,40.133182194366555,39.35835332036336,39.87655258178711,3857700,0.0,0
2022-09-16,39.55082579908875,39.55082579908875,37.61622178244922,37.94194412231445,7570600,0.0,0
2022-09-19,37.6458381700926,38.38612078884987,37.53726278356467,38.3170280456543,3622500,0.0,0
2022-09-20,37.99130398180833,38.0900068205296,36.76736844919597,37.32011413574219,4278000,0.0,0
2022-09-21,37.5668713011635,38.20844722026337,36.96971052553609,37.02399444580078,3828500,0.0,0
2022-09-22,36.76736712023978,36.89568381815699,35.72109974736061,35.73097229003906,3430600,0.0,0
2022-09-23,35.48420883628253,35.91850655050996,35.166378501059306,35.64213562011719,3597200,0.0,0
2022-09-26,35.40524313501428,35.71122792231241,34.49716508022731,34.8228874206543,3284500,0.0,0
2022-09-27,35.25718912589185,35.31640931620936,34.556385496538766,35.08938980102539,4334600,0.0,0
2022-09-28,35.12887353822937,36.70320891151336,35.02029816555163,36.42190170288086,4526300,0.0,0
2022-09-29,36.00734725933284,36.125791427790716,34.89198702431054,35.15848922729492,4350000,0.0,0
2022-09-30,35.276934172517755,35.883963779052664,35.00055944916633,35.099266052246094,4559200,0.0,0
2022-10-03,35.46446960285857,36.73775649035657,35.2325138018099,36.33306884765625,3184500,0.0,0
2022-10-04,36.964778976572326,38.12949058096501,36.905555012438576,38.08013916015625,3973700,0.0,0
2022-10-05,37.42868054932573,38.03077757153604,37.201661039606854,37.705055236816406,2823600,0.0,0
2022-10-06,37.497782658235096,37.71492965879601,36.50086665624949,36.72788619995117,5592100,0.0,0
2022-10-07,36.22449421786177,36.48112384999366,34.56626097329189,34.87224578857422,9001800,0.0,0
2022-10-10,35.18809953761771,35.57797837628076,34.92159736156328,35.13874435424805,4794900,0.0,0
2022-10-11,34.99069237120443,35.48421411476085,34.511975677511174,34.694580078125,5111800,0.0,0
2022-10-12,34.7340510701215,34.93146047577944,34.319494706983946,34.428070068359375,4065400,0.0,0
2022-10-13,33.450903353873855,34.68470771933259,32.671138091238625,34.39846420288086,7759200,0.0,0
2022-10-14,34.64522117312196,35.346024835362456,33.89506986014876,34.12208938598633,8519800,0.0,0
2022-10-17,35.05977970586664,35.52369127813517,34.467551445790996,35.08938980102539,8497400,0.0,0
2022-10-18,36.01721415594492,36.33306773249113,35.38550323758086,35.84941482543945,4229500,0.0,0
2022-10-19,35.355897054664894,35.424989796852174,34.12209270807477,34.43794631958008,4584800,0.0,0
2022-10-20,34.43794605675652,34.803151086283854,33.490385229472196,33.61870193481445,4300200,0.0,0
2022-10-21,33.756887452638686,34.89198518483576,33.51506285658158,34.73405838012695,4411100,0.0,0
2022-10-24,35.02029688388058,35.597716328056244,34.75379473304455,35.385501861572266,3761500,0.0,0
2022-10-25,35.31640908425878,36.8413929845345,35.31640908425878,36.806846618652344,5141700,0.0,0
2022-10-26,36.88581011430315,37.43855576346979,36.5995703952597,36.658790588378906,4953000,0.0,0
2022-10-27,37.70930090154295,38.244466668140284,37.19395650932411,37.54082489013672,7529900,0.15,0
2022-10-28,37.283149946260906,39.62201914156092,37.10476136149799,39.592288970947266,5534100,0.0,0
2022-10-31,39.156226380824556,39.63193179479832,39.07198837689733,39.403987884521484,5508200,0.0,0
2022-11-01,39.95897361985914,40.08781065583851,39.057121929084346,39.354434967041016,5129100,0.0,0
2022-11-02,39.3742568305105,40.593242947687216,38.74989679665008,38.769718170166016,5876900,0.0,0
2022-11-03,37.74894130576007,39.40398626789458,37.60028289742471,39.017478942871094,4270600,0.0,0
2022-11-04,39.859870258068426,40.0085248857473,39.0868518280849,39.91933059692383,3400600,0.0,0
2022-11-07,40.04816729669578,40.75180902455594,39.76076305949983,40.67252731323242,3730200,0.0,0
2022-11-08,40.82117996167283,41.50995657156887,40.53873202653949,41.03921127319336,3359800,0.0,0
2022-11-09,40.69235228023361,40.9896653399017,39.91438128017412,39.978797912597656,2803200,0.0,0
2022-11-10,41.95097854912936,43.33844066606988,41.82214151194631,43.09067916870117,5863500,0.0,0
2022-11-11,43.01139875329041,44.351290370479724,42.812198291684844,44.042083740234375,4760300,0.0,0
2022-11-14,43.6159290369586,44.03217028696049,43.199691567496835,43.219512939453125,3731600,0.0,0
2022-11-15,44.121368274271035,44.48805423489366,43.45736548988582,43.95288848876953,3127800,0.0,0
2022-11-16,43.95288794262482,44.101546352658936,43.15014311395374,43.46727752685547,2936200,0.0,0
2022-11-17,42.852831082127246,42.93211279694682,41.75276940751955,42.65462112426758,3077800,0.0,0
2022-11-18,43.53664978994314,43.826035031886036,42.9717538891568,43.526737213134766,4272700,0.0,0
2022-11-21,43.487096666738644,43.65557266095336,43.20960123429645,43.497005462646484,2477100,0.0,0
2022-11-22,43.85378295568351,43.90333449670053,43.35330369616907,43.64566421508789,3125500,0.0,0
2022-11-23,43.715039673139756,44.23038404690191,43.41772662919172,43.764591217041016,2606700,0.0,0
2022-11-25,43.80423152381223,44.012350264926404,43.705124660991004,43.81414031982422,986300,0.0,0
2022-11-28,43.45736502380894,43.80423338763168,42.75372328027028,42.922203063964844,2370700,0.0,0
2022-11-29,42.783453141365975,43.33844025115306,42.694262632485945,43.13032150268555,3259800,0.0,0
2022-11-30,42.98166231816849,43.99252965318574,41.76763252679961,43.92315673828125,8731200,0.0,0
2022-12-01,44.41868284844743,44.81510277343378,43.99748904098731,44.5276985168457,4361500,0.0,0
2022-12-02,43.74476820209175,44.59706833516128,43.52673688045806,44.27993392944336,3857000,0.0,0
2022-12-05,43.57629422700248,43.65061965324763,42.81318834638135,43.36817169189453,3726200,0.0,0
2022-12-06,43.45736618265412,43.556473052335036,42.109546779858356,42.63479995727539,2505200,0.0,0
2022-12-07,42.66452950750979,43.219516628031094,42.367216463871415,42.69426345825195,3973900,0.0,0
2022-12-08,42.85283226525965,43.36322036897487,42.73390401893604,43.080772399902344,2524200,0.0,0
2022-12-09,42.971755753109456,43.20960467926262,42.56542703876901,42.63479995727539,3065200,0.0,0
2022-12-12,42.22847248701288,42.91724918428984,42.005484859066854,42.872650146484375,3593600,0.0,0
2022-12-13,44.31957663534146,44.59706829495942,43.40781238431911,43.92315673828125,6015600,0.0,0
2022-12-14,44.19074127288372,44.22047144309844,42.96184256995588,43.407814025878906,4045000,0.0,0
2022-12-15,42.753726535903496,42.90238495751056,41.69330755135915,42.07981491088867,4416800,0.0,0
2022-12-16,41.584289867809446,41.82214257476571,41.148230982353574,41.37617111206055,5812700,0.0,0
2022-12-19,41.46536614155013,41.75277039823922,40.80631962275842,41.12841033935547,3217400,0.0,0
2022-12-20,40.98966014337721,41.26715179314925,40.87073569069492,40.999568939208984,2909300,0.0,0
2022-12-21,41.54211766468932,42.02991319802405,41.37288488216891,41.90049743652344,2578800,0.185,0
2022-12-22,41.352974833995916,41.83081326810652,40.84526888695682,41.49234390258789,2885200,0.0,0
2022-12-23,41.343017081099276,41.62673376556842,41.09414266323083,41.60184860229492,1875100,0.0,0
2022-12-27,41.49234483939588,42.21905771169183,41.42266030352656,41.681488037109375,2228900,0.0,0
2022-12-28,41.651624220182484,41.84076741743804,40.75567476471432,40.77558517456055,2107100,0.0,0
2022-12-29,41.21360818460252,41.80095200637541,40.905002516375234,41.66157913208008,1966300,0.0,0
2022-12-30,41.23351425532901,41.50229909879361,40.64617423880422,41.06428146362305,2248700,0.0,0
2023-01-03,41.75117310124543,41.90049927858185,40.959754234920744,41.42266082763672,2866100,0.0,0
2023-01-04,42.17923627494804,42.388293677020485,41.54709690951631,41.84076690673828,3491900,0.0,0
2023-01-05,41.323107168753495,41.89054434203575,40.93486367981482,41.343017578125,3891000,0.0,0
2023-01-06,41.68148846493871,43.15482463454776,41.54211939176957,42.93581771850586,2726800,0.0,0
2023-01-09,43.115006433201394,44.00597732377255,42.786490371835825,43.30414962768555,3384900,0.0,0
2023-01-10,43.55302453041076,43.89149390151942,42.98559114318777,43.80189895629883,3421000,0.0,0
2023-01-11,44.20010141528875,45.04627297987969,44.07068564507892,44.986541748046875,5300500,0.0,0
2023-01-12,45.29514671030624,45.46437950157792,44.71775620415529,45.04627227783203,3275800,0.0,0
2023-01-13,44.83721772750943,45.852625846454266,44.80735021392238,45.66347885131836,2826900,0.0,0
2023-01-17,45.7032984847332,45.92728394444881,45.10102284208773,45.225460052490234,3619800,0.0,0
2023-01-18,45.44447360900291,45.44944836351506,43.19464657716826,43.32406234741211,5291500,0.0,0
2023-01-19,42.94577141257944,42.94577141257944,41.70139925158666,41.721309661865234,4846600,0.0,0
2023-01-20,41.81090446051649,42.453000949005684,41.581940439411596,42.37833786010742,5217500,0.0,0
2023-01-23,42.398248166636485,43.090118780191844,42.238968682886814,43.085140228271484,3633100,0.0,0
2023-01-24,43.13491703745554,43.83176238739638,42.66703190461896,43.50325012207031,4191600,0.0,0
2023-01-25,42.99554322062016,43.408675667193535,42.60729973493329,43.31410217285156,2911700,0.0,0
2023-01-26,43.59284502199365,43.80189862676147,42.97563371621865,43.45347595214844,2460100,0.0,0
2023-01-27,43.29419491095472,43.79194374103112,43.18468956073436,43.423606872558594,1868900,0.0,0
2023-01-30,43.184692571780026,43.791946794417484,43.184692571780026,43.383792877197266,2620900,0.0,0
2023-01-31,44.00099844571833,45.40465002996137,43.83674041625358,45.325008392333984,4687500,0.0,0
2023-02-01,44.956675148405246,46.35534817582278,44.42906259237318,45.9322624206543,5878800,0.0,0
2023-02-02,46.52956503013237,47.27120976705332,46.3354394813187,46.917808532714844,3979100,0.0,0
2023-02-03,46.33046373856712,47.19455577010708,46.15127384927136,46.67888641357422,3448400,0.0,0
2023-02-06,46.081587846080026,46.52956255504664,45.71325097563958,45.94221878051758,4829500,0.0,0
2023-02-07,43.54307233983197,44.45892842775298,43.3539253408969,44.19014358520508,8139800,0.0,0
2023-02-08,44.53856918017082,45.14581959285928,44.120458167598436,44.85712814331055,5003700,0.0,0
2023-02-09,45.24537072146279,45.81280410035223,44.66798023907153,44.71775436401367,3884000,0.0,0
2023-02-10,44.468879111157875,44.81232702263137,44.22000469357354,44.6281623840332,3360500,0.0,0
2023-02-13,44.72771045866221,45.43451289045632,44.598294698713836,45.23541259765625,3193000,0.0,0
2023-02-14,45.00644905769587,45.39369759321909,44.57838475286083,44.92681121826172,3001000,0.0,0
2023-02-15,44.44897311922495,45.2951446317991,44.404173748723665,45.27523422241211,2492200,0.0,0
2023-02-16,44.38924165125321,45.42456014864928,44.26480444139855,45.02635955810547,3865900,0.0,0
2023-02-17,44.857127533534786,45.07613444426474,44.3693319917517,45.01640701293945,2520900,0.0,0
2023-02-21,44.53857032832102,44.67793940359712,43.4584523998863,43.632667541503906,4145900,0.0,0
2023-02-22,43.86162979318314,44.05077298805772,43.199622914838606,43.4036979675293,4776700,0.0,0
2023-02-23,43.722257744634334,44.37928988102346,43.54307164996378,44.249874114990234,5376600,0.0,0
2023-02-24,43.622709301959375,44.25485247374896,43.40369859078535,44.05077362060547,3080500,0.0,0
2023-02-27,44.548522381735474,44.90690216380665,44.349422080860116,44.75757598876953,3543300,0.0,0
2023-02-28,44.64806917852414,45.45442366190867,44.60327360598613,44.8272590637207,8580600,0.0,0
2023-03-01,44.68788979369272,45.46437676099866,44.64806897549184,45.38473892211914,5315600,0.0,0
2023-03-02,45.036316741231744,45.99199360320193,44.96662840986928,45.88248825073242,4663000,0.0,0
2023-03-03,46.240869640403716,47.70424869974449,46.11145387409385,47.57483673095703,5822700,0.0,0
2023-03-06,47.574838034164934,48.45585186552835,47.3259635984945,48.16218185424805,8572500,0.0,0
2023-03-07,48.1820899306163,48.94861981352676,47.27618718056342,47.335914611816406,7577900,0.0,0
2023-03-08,47.52506221826217,47.7142054155445,46.703775850220495,47.1766357421875,4278500,0.0,0
2023-03-09,47.24631829187099,47.3010709672737,45.852623838724256,45.94221878051758,4393800,0.0,0
2023-03-10,45.991993154850185,46.53951611433794,44.93178570493285,45.434513092041016,6072800,0.0,0
2023-03-13,44.916856042140644,45.21550459849684,44.329512235713736,44.54852294921875,5558700,0.0,0
2023-03-14,45.4743370684449,46.27571305297214,44.99649860893244,45.54402160644531,5854300,0.0,0
2023-03-15,44.52861036301096,44.78744188405368,42.149371537197894,43.11500549316406,8194600,0.0,0
2023-03-16,42.876084013186876,44.53856708400642,42.53761465609035,44.27973556518555,5224300,0.0,0
2023-03-17,44.01593087351083,44.170231801509594,42.80640101841518,43.55302429199219,8427500,0.0,0
2023-03-20,43.92135929889575,44.94672455512466,43.78199022266644,44.787445068359375,3888700,0.0,0
2023-03-21,45.404652024877535,45.750089858342875,44.767534085955035,44.996498107910156,4283200,0.0,0
2023-03-22,44.966631183628245,45.434516337578565,43.91140600751564,43.9810905456543,4161600,0.0,0
2023-03-23,44.03086325463382,44.996497248476,43.672483471454356,44.100547790527344,4330600,0.0,0
2023-03-24,43.49329169910618,43.732212810068404,42.81635298182247,43.72225570678711,5157600,0.0,0
2023-03-27,44.488791289797625,44.65802787519788,43.86262541762267,44.100547790527344,3387200,0.0,0
2023-03-28,45.21550459849684,45.31505664896387,44.31955892942825,44.54852294921875,2276400,0.0,0
2023-03-29,45.0562234264856,45.394692790342184,44.79739570001753,45.17568588256836,3278300,0.0,0
2023-03-30,45.45442681822018,45.64357002238503,44.777488048809914,44.886993408203125,4046900,0.0,0
2023-03-31,45.55397491293573,45.87253768346655,45.12093582643639,45.54402160644531,4795800,0.0,0
2023-04-03,45.30509737721926,45.753072089078316,45.02635924429463,45.48428726196289,4055300,0.0,0
2023-04-04,45.39469344573291,45.53406631317501,42.45299972700567,42.696895599365234,7067600,0.0,0
2023-04-05,42.98558927767717,42.98558927767717,41.51723174767108,41.91044998168945,6323100,0.0,0
2023-04-06,41.9204106300729,42.119510938484886,41.10410278335405,41.6118049621582,4861900,0.0,0
2023-04-10,41.61180164350237,42.12946088507976,41.293242694458165,42.10955047607422,2859500,0.0,0
2023-04-11,42.248922959273955,44.74762442752698,42.149374703715615,43.32406234741211,10205900,0.0,0
2023-04-12,43.801898059740275,44.1453459756431,43.38379085561709,43.66252899169922,4310400,0.0,0
2023-04-13,43.56297792435162,44.115479454738654,42.90594959058358,43.90144729614258,4686900,0.0,0
2023-04-14,44.120458200428686,44.667981181387354,43.66750871712082,44.100547790527344,4449500,0.0,0
2023-04-17,44.29964702334753,44.717754228622354,44.15032085145092,44.56843185424805,3442700,0.0,0
2023-04-18,45.04627110161319,45.235414298246724,44.344443397550805,44.608253479003906,3688700,0.0,0
2023-04-19,44.32951018126468,44.90690065464697,44.310598520446476,44.77748489379883,4034700,0.0,0
2023-04-20,44.578384994721425,45.280212683499066,44.3494209835129,45.17568588256836,4965900,0.0,0
2023-04-21,45.17568649234411,45.325008868179665,44.817306714303044,45.01640701293945,4338800,0.0,0
2023-04-24,45.16572926334574,46.99744517017367,41.352975074269004,41.74121856689453,20848600,0.0,0
2023-04-25,42.58739123547804,43.105050505448055,41.92040958605975,42.12946319580078,10038400,0.0,0
2023-04-26,41.00454967729312,41.27333451711789,40.21810936542335,40.466983795166016,13613200,0.0,0
2023-04-27,40.95477553701264,41.34799759157589,40.29276864271543,41.27333450317383,9896000,0.0,0
2023-04-28,41.372886133877905,42.099599005406745,41.27333408451084,41.6317138671875,6033900,0.0,0
2023-05-01,41.4326129356419,41.771082303295856,40.85024769641332,40.98463821411133,5322500,0.0,0
2023-05-02,41.293244494384254,41.66157758323643,40.168331020431935,41.6317138671875,7361700,0.0,0
2023-05-03,41.71135713652439,42.36340694588693,40.63621774648406,40.90500259399414,6212600,0.0,0
2023-05-04,40.650001525878906,41.11000061035156,40.279998779296875,41.099998474121094,7327700,0.185,0
2023-05-05,41.93000030517578,42.47999954223633,41.70000076293945,42.380001068115234,6581600,0.0,0
2023-05-08,42.88999938964844,43.040000915527344,42.209999084472656,42.599998474121094,6666800,0.0,0
2023-05-09,42.5099983215332,43.08000183105469,42.369998931884766,42.779998779296875,5662700,0.0,0
2023-05-10,43.380001068115234,43.540000915527344,42.47999954223633,43.08000183105469,6609000,0.0,0
2023-05-11,43.09000015258789,43.130001068115234,42.560001373291016,42.83000183105469,4128800,0.0,0
2023-05-12,42.88999938964844,43.09000015258789,41.80099868774414,42.400001525878906,4160600,0.0,0
2023-05-15,42.119998931884766,42.88999938964844,41.95500183105469,42.810001373291016,4415400,0.0,0
2023-05-16,42.439998626708984,42.86000061035156,42.02000045776367,42.150001525878906,7685500,0.0,0
2023-05-17,42.369998931884766,43.23500061035156,42.349998474121094,42.900001525878906,4742900,0.0,0
2023-05-18,42.709999084472656,43.38999938964844,42.595001220703125,43.27000045776367,2763700,0.0,0
2023-05-19,43.63999938964844,43.68000030517578,42.459999084472656,42.790000915527344,4903400,0.0,0
2023-05-22,42.709999084472656,43.099998474121094,42.279998779296875,42.43000030517578,3979100,0.0,0
2023-05-23,41.9900016784668,42.310001373291016,41.2599983215332,41.5099983215332,4141400,0.0,0
2023-05-24,41.470001220703125,41.59000015258789,40.96500015258789,41.29999923706055,6428300,0.0,0
2023-05-25,41.61000061035156,41.689998626708984,40.9900016784668,41.20000076293945,5394400,0.0,0
2023-05-26,41.52000045776367,41.599998474121094,40.72999954223633,40.88999938964844,4815800,0.0,0
2023-05-30,40.97999954223633,41.81999969482422,40.540000915527344,41.75,7229600,0.0,0
2023-05-31,41.16999816894531,41.5,40.4900016784668,40.900001525878906,10124000,0.0,0
2023-06-01,41.040000915527344,41.529998779296875,40.709999084472656,41.5,3883800,0.0,0
2023-06-02,42.08000183105469,43.6349983215332,41.97999954223633,43.439998626708984,6509700,0.0,0
2023-06-05,43.56999969482422,43.56999969482422,42.88999938964844,43.20000076293945,3802200,0.0,0
2023-06-06,43.150001525878906,44.189998626708984,43.0099983215332,43.849998474121094,3256800,0.0,0
2023-06-07,43.9900016784668,45.619998931884766,43.86000061035156,45.599998474121094,7062900,0.0,0
2023-06-08,44.099998474121094,45.619998931884766,44.099998474121094,45.599998474121094,6124100,0.0,0
2023-06-09,45.83000183105469,45.88999938964844,44.720001220703125,45.29999923706055,5920200,0.0,0
